Title,Authors,Conference,Cited_urls,Cited_count,Year
PEGASIS: Power-efficient gathering in sensor information systems,"S Lindsey, CS Raghavendra","Proceedings, IEEE aerospace conference 3, 3-3",https://scholar.google.fr/scholar?oi=bibs&hl=en&cites=14274447575823404484,4748,2002
Spray and wait: an efficient routing scheme for intermittently connected mobile networks,"T Spyropoulos, K Psounis, CS Raghavendra",Proceedings of the 2005 ACM SIGCOMM workshop on Delay-tolerant networking …,https://scholar.google.fr/scholar?oi=bibs&hl=en&cites=1875949425317415066,3015,2005
Power-aware routing in mobile ad hoc networks,"S Singh, M Woo, CS Raghavendra","MobiCom 98, 181-190","https://scholar.google.fr/scholar?oi=bibs&hl=en&cites=9954843698243820192,16738229557978156363",2765,1998
Data gathering algorithms in sensor networks using energy metrics,"S Lindsey, C Raghavendra, KM Sivalingam","IEEE Transactions on Parallel & Distributed Systems, 924-935","https://scholar.google.fr/scholar?oi=bibs&hl=en&cites=1974890853658623160,10746527517585103745,5826010300710524064",1683,2002
PAMAS—power aware multi-access protocol with signalling for ad hoc networks,"S Singh, CS Raghavendra","ACM SIGCOMM Computer Communication Review 28 (3), 5-26",https://scholar.google.fr/scholar?oi=bibs&hl=en&cites=4680003083712762098,1660,1998
Efficient routing in intermittently connected mobile networks: The multiple-copy case,"T Spyropoulos, K Psounis, CS Raghavendra","IEEE/ACM Transactions on Networking (ToN) 16 (1), 77-90",https://scholar.google.fr/scholar?oi=bibs&hl=en&cites=17504880868992847356,1118,2008
An adaptive energy-efficient and low-latency MAC for data gathering in wireless sensor networks,"G Lu, B Krishnamachari, CS Raghavendra","18th International Parallel and Distributed Processing Symposium, 2004 …",https://scholar.google.fr/scholar?oi=bibs&hl=en&cites=5217038305810464445,1001,2004
Efficient routing in intermittently connected mobile networks: The single-copy case,"T Spyropoulos, K Psounis, CS Raghavendra","IEEE/ACM transactions on networking 16 (1), 63-76",https://scholar.google.fr/scholar?oi=bibs&hl=en&cites=9948034795691223163,693,2008
Spray and focus: Efficient mobility-assisted routing for heterogeneous and correlated mobility,"T Spyropoulos, K Psounis, CS Raghavendra",Fifth Annual IEEE International Conference on Pervasive Computing and …,https://scholar.google.fr/scholar?oi=bibs&hl=en&cites=15280682835521102983,677,2007
Wireless sensor networks,"CS Raghavendra, KM Sivalingam, T Znati",Springer,https://scholar.google.fr/scholar?oi=bibs&hl=en&cites=18085060272658339334,642,2006
Single-copy routing in intermittently connected mobile networks,"T Spyropoulos, K Psounis, CS Raghavendra",2004 First Annual IEEE Communications Society Conference on Sensor and Ad …,https://scholar.google.fr/scholar?oi=bibs&hl=en&cites=5963399230021758350,538,2004
Performance evaluation of the IEEE 802.15. 4 MAC for low-rate low-power wireless networks,"G Lu, B Krishnamachari, CS Raghavendra","IEEE International Conference on Performance, Computing, and Communications …",https://scholar.google.fr/scholar?oi=bibs&hl=en&cites=14575720638281191001,477,2004
Performance analysis of mobility-assisted routing,"T Spyropoulos, K Psounis, CS Raghavendra",Proceedings of the 7th ACM international symposium on Mobile ad hoc …,https://scholar.google.fr/scholar?oi=bibs&hl=en&cites=9446952323962385652,398,2006
An adaptive energy-efficient and low-latency MAC for data gathering in sensor networks,"G Lu, B Krishnamachari, C Raghavendra","Int. Workshop on Algorithms for Wireless, Mobile, Ad Hoc and Sensor Networks …",https://scholar.google.fr/scholar?oi=bibs&hl=en&cites=1877621709592711840,335,2004
Energy efficient communications in ad hoc networks using directional antennas,"A Spyropoulos, CS Raghavendra",Proceedings. Twenty-First Annual Joint Conference of the IEEE Computer and …,https://scholar.google.fr/scholar?oi=bibs&hl=en&cites=1848269887345915742,264,2002
Array processor with multiple broadcasting,"VKP Kumar, CS Raghavendra","Journal of Parallel and Distributed Computing 4 (2), 173-190",https://scholar.google.fr/scholar?oi=bibs&hl=en&cites=6343665436601188798,259,1987
Data gathering in sensor networks using the energy* delay metric,"S Lindsey, CS Raghavendra, K Sivalingam",Proceedings of the IPDPS Workshop on Issues in Wireless Networks and Mobile …,https://scholar.google.fr/scholar?oi=bibs&hl=en&cites=198948096126225549,252,2001
System and method for hierarchical multicast routing in ATM networks,"X Chen, VP Kumar, CS Raghavendra, R Venkateswaran","US Patent 5,831,975",https://scholar.google.fr/scholar?oi=bibs&hl=en&cites=10583643609454377120,238,1998
A dynamic load-balancing policy with a central job dispatcher (LBC),"HC Lin, CS Raghavendra","IEEE Transactions on software engineering, 148-158",https://scholar.google.fr/scholar?oi=bibs&hl=en&cites=13729424044850683175,220,1992
Efficient collective communication in distributed heterogeneous systems,"PB Bhat, CS Raghavendra, VK Prasanna",Proceedings. 19th IEEE International Conference on Distributed Computing …,https://scholar.google.fr/scholar?oi=bibs&hl=en&cites=8108550222744594955,208,1999
SYREL: A symbolic reliability algorithm based on path and cutset methods,"S Hariri, CS Raghavendra","IEEE transactions on Computers, 1224-1232",https://scholar.google.fr/scholar?oi=bibs&hl=en&cites=2311900184177453049,172,1987
Optical crossbar networks,"AA Sawchuk, BK Jenkins, CS Raghavendra, A Varma","Computer, 50-60",https://scholar.google.fr/scholar?oi=bibs&hl=en&cites=1415372225453185265,166,1987
Fault tolerance in binary tree architectures,"CS Raghavendra, A AVIvizienis, MD Ercegovac","IEEE Transactions on Computers, 568-572",https://scholar.google.fr/scholar?oi=bibs&hl=en&cites=779875264090879450,160,1984
Impact analysis of faults and attacks in large-scale networks,"S Hariri, G Qu, T Dharmagadda, M Ramkishore, CS Raghavendra","IEEE Security & Privacy 1 (5), 49-54",https://scholar.google.fr/scholar?oi=bibs&hl=en&cites=10391086721534534698,158,2003
An adaptive energy‐efficient and low‐latency MAC for tree‐based data gathering in sensor networks,"G Lu, B Krishnamachari, CS Raghavendra","Wireless Communications and Mobile Computing 7 (7), 863-875",https://scholar.google.fr/scholar?oi=bibs&hl=en&cites=5034619864029292525,152,2007
Interconnection networks for multiprocessors and multicomputers: theory and practice,"A Varma, CS Raghavendra",IEEE Computer Society Press,https://scholar.google.fr/scholar?oi=bibs&hl=en&cites=13252785370331321193,148,1994
Distributed program reliability analysis,"VKP Kumar, S Hariri, CS Raghavendra","IEEE Transactions on Software Engineering, 42-50",https://scholar.google.fr/scholar?oi=bibs&hl=en&cites=16263680247002971391,146,1986
Power efficient MAC protocol for multihop radio networks,"S Singh, CS Raghavendra","Ninth IEEE International Symposium on Personal, Indoor and Mobile Radio …",https://scholar.google.fr/scholar?oi=bibs&hl=en&cites=2746329901406950680,145,1998
Power-aware broadcasting in mobile ad hoc networks,"S Singh, CS Raghavendra, J Stepanek","Proceedings of IEEE PIMRC 99, 22-31",https://scholar.google.fr/scholar?oi=bibs&hl=en&cites=11943522485083675558,141,1999
Reliable loop topologies for large local computer networks,"CS Raghavendra, M Gerla, A Avizienis","IEEE transactions on computers, 46-55",https://scholar.google.fr/scholar?oi=bibs&hl=en&cites=16799571486733854064,135,1985
Capacity bounds for ad-hoc networks using directional antennas,"A Spyropoulos, CS Raghavendra","IEEE International Conference on Communications, 2003. ICC'03. 1, 348-352",https://scholar.google.fr/scholar?oi=bibs&hl=en&cites=2686988269362814124,134,2003
The gamma network,"DS Parker, CS Raghavendra","IEEE Transactions on Computers, 367-373",https://scholar.google.fr/scholar?oi=bibs&hl=en&cites=13919636587594517949,132,1984
A unified resource scheduling framework for heterogeneous computing environments,"AH Alhusaini, VK Prasanna, CS Raghavendra","Proceedings. Eighth Heterogeneous Computing Workshop (HCW'99), 156-165",https://scholar.google.fr/scholar?oi=bibs&hl=en&cites=15181858948915662872,118,1999
On self-routing in Benes and shuffle-exchange networks,"CS Raghavendra, RV Boppana","IEEE Transactions on Computers, 1057-1064","https://scholar.google.fr/scholar?oi=bibs&hl=en&cites=9496091750459591730,7430741886751766823",111,1991
Resource deadlocks and performance of wormhole multicast routing algorithms,"RV Boppana, S Chalasani, CS Raghavendra","IEEE Transactions on Parallel and Distributed Systems 9 (6), 535-549",https://scholar.google.fr/scholar?oi=bibs&hl=en&cites=314856396136355978,110,1998
Gracefully degradable processor arrays,"JAB Fortes, CS Raghavendra","IEEE Transactions on Computers, 1033-1044",https://scholar.google.fr/scholar?oi=bibs&hl=en&cites=3402502829878701847,108,1985
Collaborative classification applications in sensor networks,"C Meesookho, S Narayanan, CS Raghavendra","Sensor Array and Multichannel Signal Processing Workshop Proceedings, 2002 …",https://scholar.google.fr/scholar?oi=bibs&hl=en&cites=12702283581090097436,104,2002
Image composition schemes for sort-last polygon rendering on 2d mesh multicomputers,"TY Lee, CS Raghavendra, JB Nicholas","IEEE Transactions on Visualization and Computer Graphics 2 (3), 202-217",https://scholar.google.fr/scholar?oi=bibs&hl=en&cites=13553296210843834568,104,1996
The Gamma network: A multiprocessor interconnection network with redundant paths,"DS Parker, CS Raghavendra","ACM SIGARCH Computer Architecture News 10 (3), 73-80",https://scholar.google.fr/scholar?oi=bibs&hl=en&cites=9319132755558546118,90,1982
Embedding of rings and meshes onto faulty hypercubes using free dimensions,"PJ Yang, SB Tien, CS Raghavendra","IEEE Transactions on Computers 43 (5), 608-613",https://scholar.google.fr/scholar?oi=bibs&hl=en&cites=3392843324260903503,89,1994
A survey of multi-connected loop topologies for local computer networks,"CS Raghavendra, JA Silvester","Computer Networks and ISDN Systems 11 (1), 29-42",https://scholar.google.fr/scholar?oi=bibs&hl=en&cites=4546036036473647648,86,1986
Reliability analysis in distributed systems,"CS Raghavendra, VKP Kumar, S Hariri","IEEE transactions on Computers 37 (3), 352-358",https://scholar.google.fr/scholar?oi=bibs&hl=en&cites=13424243704466936243,84,1988
Goffish: A sub-graph centric framework for large-scale graph analytics,"Y Simmhan, A Kumbhare, C Wickramaarachchi, S Nagarkar, S Ravi, ...","European Conference on Parallel Processing, 451-462",https://scholar.google.fr/scholar?oi=bibs&hl=en&cites=3021738796066663885,78,2014
Compression techniques for wireless sensor networks,"C Tang, CS Raghavendra","Wireless sensor networks, 207-231",https://scholar.google.fr/scholar?oi=bibs&hl=en&cites=17368497416553054785,78,2004
Efficient wavelet-based predictive Slepian–Wolf coding for hyperspectral imagery,"NM Cheung, C Tang, A Ortega, CS Raghavendra","Signal Processing 86 (11), 3180-3195",https://scholar.google.fr/scholar?oi=bibs&hl=en&cites=9306226396324021555,74,2006
Fault-tolerant routing in multistage interconnection networks,"A Varma, CS Raghavendra","IEEE Transactions on Computers 38 (3), 385-393",https://scholar.google.fr/scholar?oi=bibs&hl=en&cites=2759125155393146091,74,1989
PEGASIS: Power-efficient gathering in sensor information system,"S Lindesy, C Raghavendra","Proc. of 2002 IEEE aerospace conference, 1-6",https://scholar.google.fr/scholar?oi=bibs&hl=en&cites=2153375233366554944,73,2002
Adaptive communication algorithms for distributed heterogeneous systems,"PB Bhat, VK Prasanna, CS Raghavendra","Journal of Parallel and Distributed Computing 59 (2), 252-279",https://scholar.google.fr/scholar?oi=bibs&hl=en&cites=7707717504402023317,71,1999
Dynamic distributed multicast routing protocol,"X Chen, VP Kumar, CS Raghavendra, R Venkateswaran","US Patent 5,946,316",https://scholar.google.fr/scholar?oi=bibs&hl=en&cites=3483574060357696198,71,1999
On multicast wormhole routing in multicomputer networks,"RV Boppana, S Chalasani, CS Raghavendra",Proceedings of 1994 6th IEEE Symposium on Parallel and Distributed …,https://scholar.google.fr/scholar?oi=bibs&hl=en&cites=17470167845514344879,70,1994
Efficient inter-band prediction and wavelet based compression for hyperspectral imagery: a distributed source coding approach,"C Tang, NM Cheung, A Ortega, CS Raghavendra","Data Compression Conference, 437-446",https://scholar.google.fr/scholar?oi=bibs&hl=en&cites=15575619960579726606,66,2005
Asympotic capacity bounds for ad-hoc networks revisited: the directional and smart antenna cases,"A Spyropoulos, CS Raghavendra",GLOBECOM'03. IEEE Global Telecommunications Conference (IEEE Cat. No …,https://scholar.google.fr/scholar?oi=bibs&hl=en&cites=12533421999357682037,66,2003
Multicast routing in self-routing multistage networks,"X Chen, V Kumar","Proceedings of INFOCOM'94 Conference on Computer Communications, 306-314","https://scholar.google.fr/scholar?oi=bibs&hl=en&cites=6049622655147815299,18381126755656152710",64,1994
Free dimensions-an effective approach to achieving fault tolerance in hypercube,"CS Raghavendra, PJ Yang, SB Tien",[1992] Digest of Papers. FTCS-22: The Twenty-Second International Symposium …,https://scholar.google.fr/scholar?oi=bibs&hl=en&cites=7410737226455709128,64,1992
Energy efficient broadcasting for situation awareness in ad hoc networks,"S Lindsey, CS Raghavendra","International Conference on Parallel Processing, 2001., 149-155",https://scholar.google.fr/scholar?oi=bibs&hl=en&cites=8258877503602339889,60,2001
Efficient algorithms for block-cyclic array redistribution between processor sets,"N Park, VK Prasanna, CS Raghavendra","IEEE Transactions on Parallel and Distributed Systems 10 (12), 1217-1240",https://scholar.google.fr/scholar?oi=bibs&hl=en&cites=18045282555702590082,60,1999
Rearrangeability of multistage shuffle/exchange networks,"A Varma, CS Raghavendra",Proceedings of the 14th annual international symposium on Computer …,https://scholar.google.fr/scholar?oi=bibs&hl=en&cites=1129630814825110241,60,1987
Fault-tolerant multiprocessors with redundant-path interconnection networks,"CS Raghavendra, A Varma","IEEE Transactions on Computers, 307-316",https://scholar.google.fr/scholar?oi=bibs&hl=en&cites=15676754121304631103,60,1986
Algorithms and bounds for shortest paths and diameter in faulty hypercubes,"SB Tien, CS Raghavendra","IEEE Transactions on Parallel and Distributed Systems 4 (6), 713-718",https://scholar.google.fr/scholar?oi=bibs&hl=en&cites=18385845771556433864,55,1993
INDRA: A class of interconnection networks with redundant paths,"CS Raghavendra, A Varma","1984 Real Time Systems Symposium, 153-164",https://scholar.google.fr/scholar?oi=bibs&hl=en&cites=8571451575105839464,55,1984
Fault-tolerant networks based on the de Bruijn graph,"MA Sridhar, CS Raghavendra","IEEE transactions on Computers, 1167-1174",https://scholar.google.fr/scholar?oi=bibs&hl=en&cites=10340035316518283353,54,1991
Power optimization in routing protocols for wireless and mobile networks,"S Lindsey, K Sivalingam, CS Raghavendra","Handbook of Wireless Networks and Mobile Computing, 407-423",https://scholar.google.fr/scholar?oi=bibs&hl=en&cites=88489039411743445,53,2002
Permutations on Illiac IV-type networks,P Kumar,"IEEE Transactions on Computers 100 (7), 662-669",https://scholar.google.fr/scholar?oi=bibs&hl=en&cites=11716746364322947744,53,1986
Reliability analysis of redundant-path interconnection networks,"A Varma, CS Raghavendra","IEEE Transactions on Reliability 38 (1), 130-137",https://scholar.google.fr/scholar?oi=bibs&hl=en&cites=13521370569393327438,51,1989
Rearrangeability of the five-stage shuffle/exchange network for N= 8,"C Raghavendra, A Varma","IEEE transactions on communications 35 (8), 808-812",https://scholar.google.fr/scholar?oi=bibs&hl=en&cites=15122754422285012828,50,1987
A framework for mapping with resource co-allocation in heterogeneous computing systems,"AH Alhusaini, VK Prasanna, CS Raghavendra",Proceedings 9th Heterogeneous Computing Workshop (HCW 2000)(Cat. No. PR00556 …,https://scholar.google.fr/scholar?oi=bibs&hl=en&cites=3474463108544155972,49,2000
On Array Storage for Conflict-Free Memory Access for Parallel Processors.,"M Balakrishnan, R Jain, CS Raghavendra","ICPP (1), 103-107",https://scholar.google.fr/scholar?oi=bibs&hl=en&cites=5064369457798581643,47,1988
Array processor with multiple broadcasting,"VK Kumar, CS Raghavendra","ACM SIGARCH Computer Architecture News 13 (3), 2-10",https://scholar.google.fr/scholar?oi=bibs&hl=en&cites=13731857744433753721,47,1985
Datacenter traffic control: Understanding techniques and tradeoffs,"M Noormohammadpour, CS Raghavendra","IEEE Communications Surveys & Tutorials 20 (2), 1492-1525",https://scholar.google.fr/scholar?oi=bibs&hl=en&cites=14070703725181250378,45,2017
Energy efficient adaptation of multicast protocols in power controlled wireless ad hoc networks,"C Tang, CS Raghavendra","Mobile Networks and Applications 9 (4), 311-317",https://scholar.google.fr/scholar?oi=bibs&hl=en&cites=11727997712743923972,45,2004
Multiple-copy routing in intermittently connected mobile networks,"K Psounis, CS Raghavendra","Technical report CENG-2004-12, USC",https://scholar.google.fr/scholar?oi=bibs&hl=en&cites=16925855867089019951,44,2004
An approximate analysis of the join the shortest queue (JSQ) policy,"HC Lin, CS Raghavendra","IEEE Transactions on Parallel and Distributed Systems 7 (3), 301-307",https://scholar.google.fr/scholar?oi=bibs&hl=en&cites=515910897865446075,44,1996
A Framework for Network Vulnerability Analysis.,"G Qu, J Rudraraju, R Modukuri, S Hariri, CS Raghavendra","Communications, Internet, and Information Technology, 289-294",https://scholar.google.fr/scholar?oi=bibs&hl=en&cites=10812446066516030309,42,2002
Optimal loop topologies for distributed systems,"CS Raghavendra, M Gerla","ACM SIGCOMM Computer Communication Review 11 (4), 218-223",https://scholar.google.fr/scholar?oi=bibs&hl=en&cites=5178951082970726680,41,1981
Reliability optimization in the design of distributed systems,"CS Raghavendra, S Hariri","IEEE Transactions on software engineering, 1184-1193",https://scholar.google.fr/scholar?oi=bibs&hl=en&cites=8612084999651854967,40,1985
Optimal self-routing of linear-complement permutations in hypercubes,"R Boppana, CS Raghavendra","Proceedings of the 5th Distributed Memory Conference, 800-808",https://scholar.google.fr/scholar?oi=bibs&hl=en&cites=16415045415112851774,37,1990
A programmable routing framework for autonomic sensor networks,"Y He, CS Raghavendra, S Berson, B Braden","2003 Autonomic Computing Workshop, 60-68",https://scholar.google.fr/scholar?oi=bibs&hl=en&cites=6352571411246758477,33,2003
Free dimensions-an effective approach to achieving fault tolerance in hypercubes,"CS Raghavendra, PJ Yang, SB Tien","IEEE Transactions on Computers 44 (9), 1152-1157",https://scholar.google.fr/scholar?oi=bibs&hl=en&cites=5127723891376058503,31,1995
Reliability modeling and analysis of computer networks,"CS Raghavendra, SV Makam","IEEE transactions on reliability 35 (2), 156-160",https://scholar.google.fr/scholar?oi=bibs&hl=en&cites=3221864301746604103,31,1986
Reliability Analysis in Distributed Systems.,"SA Hariri, CS Raghavendra, VKP Kumar","Proceedings-International Conference on Distributed Computing Systems, 564-571","https://scholar.google.fr/scholar?oi=bibs&hl=en&cites=16654904811203645404,17606452199316263967",30,1986
Double loop network architectures-A performance study,"C Raghavendra, J Silvester","IEEE transactions on communications 33 (2), 185-187",https://scholar.google.fr/scholar?oi=bibs&hl=en&cites=4255652362803951443,30,1985
Distributed Functions Allocation for Reliability and Delay Optimization.,"SA Hariri, CS Raghavendra","Unknown Host Publication Title, 344-352",https://scholar.google.fr/scholar?oi=bibs&hl=en&cites=2687156353074779707,28,1986
Active packets improve dynamic source routing for ad-hoc networks,"Y He, CS Raghavendra, S Berson, B Braden",Proc. IEEE Conference on Open Architectures and Network Programming …,https://scholar.google.fr/scholar?oi=bibs&hl=en&cites=18180043862152553490,27,2002
VLSI implementation of fault-tolerant systolic arrays,JH Hwang,"Proc. Int. Conf. on Computer Design, 110-113",https://scholar.google.fr/scholar?oi=bibs&hl=en&cites=16083201761955640068,27,1986
Performance Analysis of a Redundant-Path Interconnection Network.,"A Varma, CS Raghavendra","ICPP, 474-479",https://scholar.google.fr/scholar?oi=bibs&hl=en&cites=11507313450291397960,27,1985
Perfusion neuroimaging abnormalities alone distinguish National Football League players from a healthy population,"DG Amen, K Willeumier, B Omalu, A Newberg, C Raghavendra, CA Raji","Journal of Alzheimer's Disease 53 (1), 237-241",https://scholar.google.fr/scholar?oi=bibs&hl=en&cites=18396815284717147189,26,2016
Token based congestion control for DTNs,"E Coe, C Raghavendra","2010 IEEE Aerospace Conference, 1-7",https://scholar.google.fr/scholar?oi=bibs&hl=en&cites=16039690825281941513,26,2010
An energy efficient adaptive distributed source coding scheme in wireless sensor networks,"C Tang, CS Raghavendra, VK Prasanna","IEEE International Conference on Communications, 2003. ICC'03. 1, 732-737",https://scholar.google.fr/scholar?oi=bibs&hl=en&cites=14458924956050245300,26,2003
Energy-efficient broadcasting in wireless ad hoc networks lower bounds and algorithms,"F Bian, A Goel, CS Raghavendra, X Li","Journal of interconnection networks 3 (03n04), 149-166",https://scholar.google.fr/scholar?oi=bibs&hl=en&cites=2923617244228558357,26,2002
Global model for failure prediction for artificial lift systems,"Y Liu, KT Yao, CS Raghavendra, A Wu, D Guo, J Zheng, L Olabinjo, ...","US Patent 9,292,799",https://scholar.google.fr/scholar?oi=bibs&hl=en&cites=14587380428457632117,25,2016
Efficient broadcasting in delay tolerant networks,"A Goundan, E Coe, C Raghavendra","IEEE GLOBECOM 2008-2008 IEEE Global Telecommunications Conference, 1-5",https://scholar.google.fr/scholar?oi=bibs&hl=en&cites=16334030551130966259,25,2008
An optical booster for internet routers,"J Bannister, J Touch, P Kamath, A Patel","International Conference on High-Performance Computing, 399-413",https://scholar.google.fr/scholar?oi=bibs&hl=en&cites=6625197465711120178,25,2001
3-D optical interconnection networks,AA Sawchuk,"Optics and the Information Age 813, 547-548",https://scholar.google.fr/scholar?oi=bibs&hl=en&cites=11409064798983070592,25,1987
Block‐cyclic redistribution over heterogeneous networks,"PB Bhat, VK Prasanna, CS Raghavendra","Cluster Computing 3 (1), 25-34",https://scholar.google.fr/scholar?oi=bibs&hl=en&cites=13201731713753689852,24,2000
Support for multiway communications in ATM networks,"R Venkateswarau, CS Raghavendra, X Chen, VP Kumar",1998 IEEE ATM Workshop Proceedings.'Meeting the Challenges of Deploying the …,https://scholar.google.fr/scholar?oi=bibs&hl=en&cites=12761164035879367124,24,1998
A model for optimal database allocation in distributed computing systems,"GM Chiu, CS Raghavendra",Proceedings. IEEE INFOCOM'90: Ninth Annual Joint Conference of the IEEE …,https://scholar.google.fr/scholar?oi=bibs&hl=en&cites=17689454823655834115,24,1990
Fault tolerance in linear systolic arrays using time redundancy,"A Majumdar, CS Raghavendra, MA Breuer","IEEE Transactions on Computers 39 (2), 269-276",https://scholar.google.fr/scholar?oi=bibs&hl=en&cites=15525654619861556629,24,1990
Dccast: Efficient point to multipoint transfers across datacenters,"M Noormohammadpour, CS Raghavendra, S Rao, S Kandula",9th {USENIX} Workshop on Hot Topics in Cloud Computing (HotCloud 17),https://scholar.google.fr/scholar?oi=bibs&hl=en&cites=12805325126693163128,23,2017
Hierarchical multicast routing in ATM networks,"R Venkateswaran, CS Raghavendra, X Chen, VP Kumar",Proceedings of ICC/SUPERCOMM'96-International Conference on Communications 3 …,https://scholar.google.fr/scholar?oi=bibs&hl=en&cites=15412244509299112993,23,1996
On Methods for Fast and Efficient Parallel Memory Access.,"CS Raghavendra, RV Boppana","ICPP (1), 76-83",https://scholar.google.fr/scholar?oi=bibs&hl=en&cites=11595142386967047964,23,1990
Energy efficient all-to-all broadcasting for situation awareness in wireless ad hoc networks,"S Lindsey, CS Raghavendra","journal of parallel and distributed Computing 63 (1), 15-21",https://scholar.google.fr/scholar?oi=bibs&hl=en&cites=15670261383098550608,21,2003
A model for optimal resource allocation in distributed computing systems,"GM Chiu, CS Raghavendra","IEEE INFOCOM'88, Seventh Annual Joint Conference of the IEEE Computer and …",https://scholar.google.fr/scholar?oi=bibs&hl=en&cites=3975373482811356784,21,1988
Parallelizing sequential programs by algorithm-level transformations,"S Bhansali, JR Hagemeister, CS Raghavendra, H Sivaraman","Proceedings 1994 IEEE 3rd Workshop on Program Comprehension-WPC'94, 100-107",https://scholar.google.fr/scholar?oi=bibs&hl=en&cites=11963189960467635410,20,1994
Cooperative genetic algorithm for optimization problems in distributed computer systems,"R Venkateswaran, Z Obradovic, CS Raghavendra",In WEC2 [586,https://scholar.google.fr/scholar?oi=bibs&hl=en&cites=7618325053144548226,20,1993
On permutations passable by the gamma network,"A Varma, CS Raghavendra","Journal of Parallel and Distributed Computing 3 (1), 72-91",https://scholar.google.fr/scholar?oi=bibs&hl=en&cites=15312025475026134257,20,1986
Multi-connected loop topologies for local computer networks,"CS Raghavendra, M Gerla, DS Parker","INFOCOM'82 Conf. Proc., 184-190",https://scholar.google.fr/scholar?oi=bibs&hl=en&cites=7355271891554907421,20,1982
On the rearrangeability conjecture of (2 log_2 N-1)-stage shuffle/exchange network,CS Raghavendra,"Computer Architecture Technical Committee Newsletter, 10-12",https://scholar.google.fr/scholar?oi=bibs&hl=en&cites=2104817281105823154,19,1995
Catalina: A Smart Application Control and Management Environement,"S Hariri, M Djunaedi, Y Kim, RP Nellipudi, AK Rajagopalan, P Vadlamani, ...","Active Middleware Services, 43-55","https://scholar.google.fr/scholar?oi=bibs&hl=en&cites=6450966444636156839,7492899843475958417",18,2000
Generalized schemes for access and alignment of data in parallel processors with self-routing interconnection networks,"RV Boppana, CS Raghavendra","Journal of Parallel and Distributed Computing 11 (2), 97-111",https://scholar.google.fr/scholar?oi=bibs&hl=en&cites=14713426964165208735,18,1991
Fault-tolerant routing in MIN-based supercomputers,"S Chalasani, A Varma, CS Raghavendra","Proceedings of the 1990 ACM/IEEE conference on Supercomputing, 244-253",https://scholar.google.fr/scholar?oi=bibs&hl=en&cites=9914876913362642351,18,1990
Resource allocation in hypercube systems,"GM Chiu, CS Raghavendra","Proceedings of the Fifth Distributed Memory Computing Conference, 1990. 2 …",https://scholar.google.fr/scholar?oi=bibs&hl=en&cites=5506349818597093200,18,1990
Image processing on enhanced mesh connected computers,"VKP Kumar, CS Raghavendra",Computer Architecture for Pattern Analysis and Image Database Management …,https://scholar.google.fr/scholar?oi=bibs&hl=en&cites=13331867524891518349,18,1985
Embedding and reconfiguration of binary trees in faulty hypercubes,"PJ Yang, CS Raghavendra","IEEE transactions on parallel and distributed systems 7 (3), 237-245",https://scholar.google.fr/scholar?oi=bibs&hl=en&cites=17796488238324185191,17,1996
Single and multiple frame video traffic prediction using neural network models,"R Drossu, TV Lakshman, Z Obradovic, C Raghavendra","Computer Networks, Architecture and Applications, 146-158",https://scholar.google.fr/scholar?oi=bibs&hl=en&cites=3015619432676905946,17,1995
Image composition methods for sort-last polygon rendering on 2-D mesh architectures,"TY Lee, CS Raghavendra, JN Nicholas","Proceedings of the 1995 Parallel Rendering Symposium, 55-62",https://scholar.google.fr/scholar?oi=bibs&hl=en&cites=11370510934221497844,17,1995
An analysis of the join the shortest queue (JSQ) policy,"HC Lin, CS Raghavendra",[1992] Proceedings of the 12th International Conference on Distributed …,https://scholar.google.fr/scholar?oi=bibs&hl=en&cites=6951736613836507755,17,1992
Reliability Analysis of an Interconnection Network.,"CS Raghavendra, DS Parker Jr","ICDCS, 461-471",https://scholar.google.fr/scholar?oi=bibs&hl=en&cites=805643340626246502,17,1984
Analysis and Simulation of a Class of double Loop Network Architectures.,"JA Silvester, CS Raghavendra","INFOCOM 84, 30-35",https://scholar.google.fr/scholar?oi=bibs&hl=en&cites=17945869355415575596,17,1984
QuickCast: Fast and efficient inter-datacenter transfers using forwarding tree cohorts,"M Noormohammadpour, CS Raghavendra, S Kandula, S Rao","IEEE INFOCOM 2018-IEEE Conference on Computer Communications, 225-233",https://scholar.google.fr/scholar?oi=bibs&hl=en&cites=11309767413148593270,16,2018
Run-time adaptation for grid environments,"AH Alhusaini, CS Raghavendra, VK Prasanna","null, 20087a",https://scholar.google.fr/scholar?oi=bibs&hl=en&cites=16403842970413016694,16,2001
Resource allocation with load balancing consideration in distributed computing systems,"GM Chiu, CS Raghavendra, SM Ng","IEEE INFOCOM'89, Proceedings of the Eighth Annual Joint Conference of the …",https://scholar.google.fr/scholar?oi=bibs&hl=en&cites=9275188895579700630,16,1989
Dcroute: Speeding up inter-datacenter traffic allocation while guaranteeing deadlines,"M Noormohammadpour, CS Raghavendra, S Rao",2016 IEEE 23rd International Conference on High Performance Computing (HiPC …,https://scholar.google.fr/scholar?oi=bibs&hl=en&cites=12448128923489858097,15,2016
XVR: X visiting-pattern routing for sensor networks,"Y He, CS Raghavendra",Proceedings IEEE 24th Annual Joint Conference of the IEEE Computer and …,https://scholar.google.fr/scholar?oi=bibs&hl=en&cites=4912851743729791088,15,2005
A two phase multicast routing algorithm in self-routing multistage networks,"CS Raghavendra, X Chen, VP Kumar","Proceedings IEEE International Conference on Communications ICC'95 3, 1612-1618",https://scholar.google.fr/scholar?oi=bibs&hl=en&cites=3204473667627125274,15,1995
HMESH: a VLSI architecture for parallel processing,CS Raghavendra,"International Conference on Parallel Processing, 76-83",https://scholar.google.fr/scholar?oi=bibs&hl=en&cites=5363406840774131567,15,1986
System and method for failure prediction for artificial lift systems,"Y Liu, KT Yao, S Liu, CS Raghavendra, OO Balogun, L Olabinjo","US Patent 8,988,237",https://scholar.google.fr/scholar?oi=bibs&hl=en&cites=17866924433236833770,14,2015
Failure Prediction for Artificial Lift Systems,"Y Liu, KT Yao, S Liu, CS Raghavendra, TL Lenz, L Olabinjo, FB Seren, ...",SPE Western Regional Meeting,https://scholar.google.fr/scholar?oi=bibs&hl=en&cites=7429926256610195512,14,2010
A distributed algorithm for waking-up in heterogeneous sensor networks,"A Spyropoulos, CS Raghavendra, VK Prasanna","Information Processing in Sensor Networks, 609-624",https://scholar.google.fr/scholar?oi=bibs&hl=en&cites=15939568349474463998,14,2003
Broadcasting algorithms in faulty SIMD hypercubes,"CS Raghavendra, MA Sridhar",[1992] Proceedings of the Fourth IEEE Symposium on Parallel and Distributed …,https://scholar.google.fr/scholar?oi=bibs&hl=en&cites=12419960817497511054,14,1992
Fault tolerance in regular network architectures,C Raghavendra,"IEEE Micro, 44-53",https://scholar.google.fr/scholar?oi=bibs&hl=en&cites=12738890041914893444,14,1984
Distributed programming over time-series graphs,"Y Simmhan, N Choudhury, C Wickramaarachchi, A Kumbhare, M Frincu, ...","2015 IEEE International Parallel and Distributed Processing Symposium, 809-818",https://scholar.google.fr/scholar?oi=bibs&hl=en&cites=3087743005596902104,13,2015
Combining Space-based and In-situ measurements to track flooding in Thailand,"S Chien, J Doubleday, D Mclaren, D Tran, V Tanpipat, R Chitradon, ...","2011 IEEE International Geoscience and Remote Sensing Symposium, 3935-3938",https://scholar.google.fr/scholar?oi=bibs&hl=en&cites=10415436904339867305,13,2011
Designing efficient benes and banyan based input-buffered atm switches,"RV Boppana, CS Raghavendra",1999 IEEE International Conference on Communications (Cat. No. 99CH36311) 3 …,https://scholar.google.fr/scholar?oi=bibs&hl=en&cites=10354330987024637344,13,1999
Fault-tolerant routing in MIN-based supercomputers,"S Chalasani, CS Raghavendra, A Varma","Journal of Parallel and Distributed Computing 22 (2), 154-167",https://scholar.google.fr/scholar?oi=bibs&hl=en&cites=2913571934130100230,13,1994
A state-aggregation method for analyzing dynamic load-balancing policies,"HC Lin, CS Raghavendra",[1993] Proceedings. The 13th International Conference on Distributed …,https://scholar.google.fr/scholar?oi=bibs&hl=en&cites=12631148518885574464,13,1993
Reconfiguration of binary trees in faulty hypercubes,"PJ Yang, CS Raghavendra","[1993] Proceedings Seventh International Parallel Processing Symposium, 401-405",https://scholar.google.fr/scholar?oi=bibs&hl=en&cites=1686383676062630230,13,1993
Fault-Tolerance and Data-Flow Systems.,"JL Gaudiot, CS Raghavendra","ICDCS, 16-23",https://scholar.google.fr/scholar?oi=bibs&hl=en&cites=3448173300080676397,13,1985
System and method for failure detection for artificial lift systems,"S Liu, CS Raghavendra, Y Liu, KT Yao, OO Balogun, O Olabinjo, ...","US Patent 9,280,517",https://scholar.google.fr/scholar?oi=bibs&hl=en&cites=13193896034854261065,12,2016
System and method for failure prediction for rod pump artificial lift systems,"Y Liu, KT Yao, S Liu, CS Raghavendra, L Olabinjo, FB Seren, ...","US Patent 8,988,236",https://scholar.google.fr/scholar?oi=bibs&hl=en&cites=11101473124629006043,12,2015
An autonomic routing framework for sensor networks,"Y He, CS Raghavendra, S Berson, R Braden","Cluster Computing 9 (2), 191-200",https://scholar.google.fr/scholar?oi=bibs&hl=en&cites=2566889385679754774,12,2006
Collaborative and distributed computation in mesh-like wireless sensor arrays,"M Singh, VK Prasanna, J Rolim, CS Raghavendra","IFIP International Conference on Personal Wireless Communications, 1-11",https://scholar.google.fr/scholar?oi=bibs&hl=en&cites=4062496858373434356,12,2003
"A scalable, dynamic multicast routing algorithm in ATM networks","R Venkateswaren, CS Raghavendra, X Chen, VP Kumar","Proceedings of ICC'97-International Conference on Communications 3, 1361-1365",https://scholar.google.fr/scholar?oi=bibs&hl=en&cites=3786210247826902595,12,1997
Embedding and reconfiguration of binary trees in faulty hypercubes,"PJ Yang, CS Raghavendra","Proceedings Sixth International Parallel Processing Symposium, 2-9",https://scholar.google.fr/scholar?oi=bibs&hl=en&cites=17362785839319064824,12,1992
Coherent optical polarization-shift-keying (PolSK) homodyne system using phase-diversity receivers,"I Seto, T Ohtsuki, H YASHIMA, I Sasase, S Mori","IEICE TRANSACTIONS on Electronics 75 (1), 50-57","https://scholar.google.fr/scholar?oi=bibs&hl=en&cites=16220101055311081398,5592778963980214962",12,1992
"Flexible, fault-tolerant routing criteria for circuit-switched hypercubes","GM Chiu, S Chalasani, CS Raghavendra",[1991] Proceedings. 11th International Conference on Distributed Computing …,https://scholar.google.fr/scholar?oi=bibs&hl=en&cites=15348977654555264404,12,1991
Optical matrix-vector implementation of crossbar interconnection networks,"AA Sawchuk, BK Jenkins, CS Raghavendra, A Varma","1986 International Conference on Parallel Processing, University Park, PA …",https://scholar.google.fr/scholar?oi=bibs&hl=en&cites=8507493490992732192,12,1986
Autoencoder-derived features as inputs to classification algorithms for predicting well failures,"J Liu, A Jaiswal, KT Yao, CS Raghavendra",SPE Western Regional Meeting,https://scholar.google.fr/scholar?oi=bibs&hl=en&cites=9926064522795776979,11,2015
Soft-timeout distributed key generation for digital signature based on elliptic curve d-log for low-power devices,"C Tang, AT Chronopoulos, CS Raghavendra",First International Conference on Security and Privacy for Emerging Areas in …,https://scholar.google.fr/scholar?oi=bibs&hl=en&cites=15903021830520216386,11,2005
Building programmable routing service for sensor networks,"Y He, CS Raghavendra","Computer communications 28 (6), 664-675",https://scholar.google.fr/scholar?oi=bibs&hl=en&cites=17891333687599475845,11,2005
Guest editorial: special issue on wireless sensor networks,"T Znati, C Raghavendra, K Sivalingam","Mobile Networks and Applications 8 (4), 425-425",https://scholar.google.fr/scholar?oi=bibs&hl=en&cites=2979833789514694676,11,2003
An analysis of a reliability model for repairable fault-tolerant systems,"M Balakrishnan, CS Raghavendra","IEEE transactions on computers 42 (3), 327-339",https://scholar.google.fr/scholar?oi=bibs&hl=en&cites=11795321935764776557,11,1993
On finding maximal subcubes in residual hypercubes,"MA Sridhar, CS Raghavendra",Proceedings of the Second IEEE Symposium on Parallel and Distributed …,https://scholar.google.fr/scholar?oi=bibs&hl=en&cites=10425588271964114128,11,1990
Issues in the implementation of fault-tolerant VLSI and WSI systems,"TE Mangir, CS Raghavendra","Proc. Int'l Conf. on Computer Design, 95-100",https://scholar.google.fr/scholar?oi=bibs&hl=en&cites=13050327261633326931,11,1984
Scalable analytics over distributed time-series graphs using goffish,"Y Simmhan, C Wickramaarachchi, A Kumbhare, M Frincu, S Nagarkar, ...",arXiv preprint arXiv:1406.5975,https://scholar.google.fr/scholar?oi=bibs&hl=en&cites=8850391875156676666,10,2014
Scalable time management algorithms using active networks for distributed simulation,"C Lee, E Coe, JM Clark, J Stepanek, C Raghavendra, S Bhatia, R Puri","Proceedings DARPA Active Networks Conference and Exposition, 366-378",https://scholar.google.fr/scholar?oi=bibs&hl=en&cites=9127053064525186393,10,2002
DMRP: a distributed multicast routing protocol for ATM networks,"R Venkateswaran, CS Raghavendra, X Chen, VP Kumar","IEEE ATM'97 Workshop Proceedings (Cat. No. 97TH8316), 263-271",https://scholar.google.fr/scholar?oi=bibs&hl=en&cites=18119139277229255347,10,1997
Uniform minimal full-access networks,"MA Sridhar, CS Raghavendra","Journal of Parallel and Distributed Computing 5 (4), 383-403",https://scholar.google.fr/scholar?oi=bibs&hl=en&cites=3460597624946675614,10,1988
Realization of permutations on generalized Indra networks,"A Varma, CS Raghavendra","Information Sciences 44 (1), 51-69",https://scholar.google.fr/scholar?oi=bibs&hl=en&cites=16056195175021457310,10,1988
DDCCast: Meeting point to multipoint transfer deadlines across datacenters using ALAP scheduling policy,"M Noormohammadpour, CS Raghavendra",arXiv preprint arXiv:1707.02027,https://scholar.google.fr/scholar?oi=bibs&hl=en&cites=14070714492838253755,9,2017
Automatic early fault detection for rod pump systems,"S Liu, CS Raghavendra, Y Liu, KT Yao, O Balogun, L Olabinjo, R Soma, ...",SPE annual technical conference and exhibition,https://scholar.google.fr/scholar?oi=bibs&hl=en&cites=7734100763305488486,9,2011
Distributed source coding,"Z Xiong, AD Liveris, Y Yang","Handbook on array processing and sensor networks, 609-643",https://scholar.google.fr/scholar?oi=bibs&hl=en&cites=12436742347659398839,9,2009
A fully interdisciplinary approach to capstone design courses,"M Redekopp, C Raghavendra, A Weber, G Ragusa, T Wilbur",American Society for Engineering Education,https://scholar.google.fr/scholar?oi=bibs&hl=en&cites=9820509433358737929,9,2009
ADAPT: a media access control protocol for mobile ad hoc networks using adaptive array antennas,"T Spyropoulos, CS Raghavendra","2004 IEEE 15th International Symposium on Personal, Indoor and Mobile Radio …",https://scholar.google.fr/scholar?oi=bibs&hl=en&cites=13660478215229257209,9,2004
Correlation analysis and applications in wireless microsensor networks,"C Tang, CS Raghavendra",The First Annual International Conference on Mobile and Ubiquitous Systems …,https://scholar.google.fr/scholar?oi=bibs&hl=en&cites=8634182523300982981,9,2004
Tcp performance with active dynamic source routing for ad hoc networks,"Y He, CS Raghavendra, S Berson, R Braden",Proc. International Workshop on Active Network Technologies and Applications …,https://scholar.google.fr/scholar?oi=bibs&hl=en&cites=16632709085942968264,9,2003
Reconfiguration of rings and meshes in faulty hypercubes,"PJ Yang, SB Tien, CS Raghavendra","Journal of Parallel and Distributed Computing 22 (1), 96-106",https://scholar.google.fr/scholar?oi=bibs&hl=en&cites=5928972950488773799,9,1994
Fault-tolerant routing in multistage interconnection networks,"A Varma, CS Raghavendra","Interconnection networks for high-performance parallel computers, 688-696",https://scholar.google.fr/scholar?oi=bibs&hl=en&cites=7343058806692982158,9,1994
Reconfiguring embedded task graphs in faulty hypercubes by automorphisms,"SB Tien, CS Raghavendra, MA Sridhar","Twenty-Third Annual Hawaii International Conference on System Sciences 1, 91-100",https://scholar.google.fr/scholar?oi=bibs&hl=en&cites=4943729070103229591,9,1990
Data Driven Approach to Failure Prediction for Electrical Submersible Pump Systems,"D Guo, CS Raghavendra, KT Yao, M Harding, A Anvar, A Patel",SPE Western Regional Meeting,https://scholar.google.fr/scholar?oi=bibs&hl=en&cites=13974546194581248447,8,2015
Compact representation of coordinated sampling policies for body sensor networks,"S Liu, A Panangadan, A Talukder, CS Raghavendra","2010 IEEE Globecom Workshops, 2044-2048",https://scholar.google.fr/scholar?oi=bibs&hl=en&cites=8424385580556626070,8,2010
SPECIAL SECTION ON MOBILE COMPUTING AND WIRELESS NETWORKS-Data Gathering Algorithms in Sensor Networks Using Energy Metrics,"S Lindsey, C Raghavendra, KM Sivalingam","IEEE Transactions on Parallel and Distributed Systems 13 (9), 924-935",https://scholar.google.fr/scholar?oi=bibs&hl=en&cites=9215566228830202980,8,2002
Improved VC-merging for multiway communications in ATM networks,"R Venkateswaran, S Li, X Chen, CS Raghavendra, N Ansari",Proceedings 7th International Conference on Computer Communications and …,https://scholar.google.fr/scholar?oi=bibs&hl=en&cites=16067694496809372190,8,1998
Nonblocking properties of interconnection switching networks,"V Chandramouli, CS Raghavendra","IEEE transactions on communications 43 (2/3/4), 1793-1799",https://scholar.google.fr/scholar?oi=bibs&hl=en&cites=5202431709305481548,8,1995
Experimental evaluation of load balancing strategies for ray tracing on parallel processors,"TYLTY Lee, CS Raghavendra, JB Nicholas","1994 Internatonal Conference on Parallel Processing Vol. 2 2, 264-267",https://scholar.google.fr/scholar?oi=bibs&hl=en&cites=11013312910180456149,8,1994
On reliability modeling of closed fault-tolerant computer systems,"M Balakrishnan, CS Raghavendra","IEEE Transactions on Computers 39 (4), 571-575",https://scholar.google.fr/scholar?oi=bibs&hl=en&cites=7181396257688906088,8,1990
Fault-tolerant routing in a class of double loop networks,"K Van Le, CS Raghavendra","IEEE INFOCOM'88, Seventh Annual Joint Conference of the IEEE Computer and …",https://scholar.google.fr/scholar?oi=bibs&hl=en&cites=9553594549619790445,8,1988
Rcd: Rapid close to deadline scheduling for datacenter networks,"M Noormohammadpour, CS Raghavendra, S Rao, AM Madni","2016 World Automation Congress (WAC), 1-6",https://scholar.google.fr/scholar?oi=bibs&hl=en&cites=10839229208936039771,7,2016
Semi-supervised failure prediction for oil production wells,"Y Liu, KT Yao, S Liu, CS Raghavendra, O Balogun, L Olabinjo","2011 IEEE 11th International Conference on Data Mining Workshops, 434-441",https://scholar.google.fr/scholar?oi=bibs&hl=en&cites=15687172869815501791,7,2011
MDP framework for sensor network coordination,"S Liu, A Panangadan, A Talukder, CS Raghavendra",Proceedings of the 2009 International Conference on Information Processing …,https://scholar.google.fr/scholar?oi=bibs&hl=en&cites=5036909184501613356,7,2009
Bitplane coding for correlations exploitation in wireless sensor networks,"C Tang, CS Raghavendra","IEEE International Conference on Communications, 2005. ICC 2005. 2005 2, 906-912",https://scholar.google.fr/scholar?oi=bibs&hl=en&cites=14228134737033210968,7,2005
Power aware coding for spatio-temporally correlated wireless sensor data,"C Tang, CS Raghavendra, VK Prasanna",2004 IEEE International Conference on Mobile Ad-hoc and Sensor Systems (IEEE …,https://scholar.google.fr/scholar?oi=bibs&hl=en&cites=14286587981208261668,7,2004
Fault-tolerant routing for satellite command and control,"J Stepanek, E Coe, R Sims, CS Raghavendra",2004 IEEE Aerospace Conference Proceedings (IEEE Cat. No. 04TH8720) 3,https://scholar.google.fr/scholar?oi=bibs&hl=en&cites=13703419750414075214,7,2004
Vulnerability Analysis of Faults/Attacks in Network Centric Systems.,"S Hariri, T Dharmagadda, M Ramkishore, G Qu, CS Raghavendra","ISCA PDCS, 256-261",https://scholar.google.fr/scholar?oi=bibs&hl=en&cites=13883055317903185484,7,2003
PEGASIS: Power-Efficient Gathering in Sensor Information Systems Stephanie Lindsey,CS Raghavendra,"work 310, 336-1686",https://scholar.google.fr/scholar?oi=bibs&hl=en&cites=10177276902829204404,7,2001
Technique for efficiently transporting information through an asynchronous transfer mode (ATM) network,"X Chen, VP Kumar, CS Raghavendra, R Venkateswaran","US Patent 6,144,666",https://scholar.google.fr/scholar?oi=bibs&hl=en&cites=11524473582724964583,7,2000
Efficient matrix multiplication using cache conscious data layouts,"N Park, W Liu, VK Prasanna, C Raghavendra",Prof. of HPCMO User Group Conference,https://scholar.google.fr/scholar?oi=bibs&hl=en&cites=9580447110430900056,7,2000
Approximating the mean response time of parallel queues with JSQ policy,"HC Lin, CS Raghavendra","Computers & operations research 23 (8), 733-740",https://scholar.google.fr/scholar?oi=bibs&hl=en&cites=4458953335292073423,7,1996
Total exchange in faulty SIMD hypercubes,"A Sengupta, CS Raghavendra","Proceedings of 8th International Parallel Processing Symposium, 853-857",https://scholar.google.fr/scholar?oi=bibs&hl=en&cites=5433581336031883754,7,1994
Prefix computation on a faulty hypercube,"CS Raghavendra, MA Sridhar, S Harikumar","1993 International Conference on Parallel Processing-ICPP'93 3, 280-283",https://scholar.google.fr/scholar?oi=bibs&hl=en&cites=15693903912606139603,7,1993
Performance study of dynamic load balancing policies for distributed systems with service interruptions,"HC Lin, GM Chiu, CS Raghavendra",IEEE INFCOM'91. The conference on Computer Communications. Tenth Annual …,https://scholar.google.fr/scholar?oi=bibs&hl=en&cites=14381103449241871868,7,1991
Discriminative properties of hippocampal hypoperfusion in marijuana users compared to healthy controls: Implications for marijuana administration in Alzheimer’s dementia,"DG Amen, B Darmal, CA Raji, W Bao, L Jorandby, S Meysami, ...","Journal of Alzheimer's Disease 56 (1), 261-273",https://scholar.google.fr/scholar?oi=bibs&hl=en&cites=17803601553392659851,6,2017
Computation of multiple paths in MANETs using node disjoint method,"M Nagaratna, PVS Srinivas, VK Prasad, CR Rao","International Journal of Computer Science Issues (IJCSI) 8 (3), 550",https://scholar.google.fr/scholar?oi=bibs&hl=en&cites=16852136867739667802,6,2011
Efficient multi-party digital signature using adaptive secret sharing for low-power devices in wireless networks,"C Tang, DO Wu, AT Chronopoulos, CS Raghavendra","IEEE transactions on wireless communications 8 (2), 882-889",https://scholar.google.fr/scholar?oi=bibs&hl=en&cites=5322090100819462020,6,2009
Evaluation of a Markov Decision Process-based Coordinated Sampling Method,"S Liu, A Panangadan, A Talukder, CS Raghavendra","Workshop on Sensor Networks for Earth and Space Science Application, The 8th …",https://scholar.google.fr/scholar?oi=bibs&hl=en&cites=8973904769213489229,6,2009
Power aware wireless sensor networks using tripwire detection and cueing,"C Tang, CS Raghavendra",Proceedings of the 38th Annual Hawaii International Conference on System …,https://scholar.google.fr/scholar?oi=bibs&hl=en&cites=11273186497373955218,6,2005
Parallel implementation of a ray tracing algorithm for distributed memory parallel computers,"TY Lee, CS Raghavendra, JB Nicholas","Concurrency: Practice and Experience 9 (10), 947-965",https://scholar.google.fr/scholar?oi=bibs&hl=en&cites=3764215090911026133,6,1997
Dimension ordering and broadcast algorithms in faulty SIMD hypercubes,"CS Raghavendra, MA Sridhar","Journal of Parallel and Distributed Computing 35 (1), 57-66",https://scholar.google.fr/scholar?oi=bibs&hl=en&cites=6304553312741473921,6,1996
Global commutative and associative reduction operations in faulty simd hypercubes,"CS Raghavendra, MA Sridhar","IEEE transactions on computers 45 (4), 495-498",https://scholar.google.fr/scholar?oi=bibs&hl=en&cites=9542206350020456923,6,1996
An Efficient Sort-Last Polygon Rendering Scheme on 2-D Mesh Parallel Computers,"TY Lee, CS Raghavendra, JB Nicholas","PROCEEDINGS OF THE INTERNATIONAL CONFERENCE ON PARALLEL PROCESSING, III-9",https://scholar.google.fr/scholar?oi=bibs&hl=en&cites=6768859726530761939,6,1995
Improved algorithms for load balancing in circuit-switched hypercubes,"CS Raghavendra, S Chalasani, RV Boppana",[1991] Proceedings. The Fifth International Parallel Processing Symposium …,https://scholar.google.fr/scholar?oi=bibs&hl=en&cites=13691303571787502327,6,1991
A simple algorithm to route arbitrary permutations on 8-input 5-stage shuffle/exchange network,"K Kim, CS Raghavendra",[1991] Proceedings. The Fifth International Parallel Processing Symposium …,https://scholar.google.fr/scholar?oi=bibs&hl=en&cites=734289783428103517,6,1991
"All-to-All Personalized Communication on Circuit Switched Hypercubes,""","RV Boppana, CS Raghavendra",Technical Report,https://scholar.google.fr/scholar?oi=bibs&hl=en&cites=3282849489520939870,6,1990
"Applications for arithmetic error codes in large, high-performance computers","A Avizienis, CS Raghavendra","1983 IEEE 6th Symposium on Computer Arithmetic (ARITH), 169-173",https://scholar.google.fr/scholar?oi=bibs&hl=en&cites=11166131041991169430,6,1983
Analyzing the Effect of Antenna Type and MAC Protocol on Wireless Ad-Hoc Network Capacity,"T Spyropoulos, CS Raghavendra",USC Technical Report2006,https://scholar.google.fr/scholar?oi=bibs&hl=en&cites=17116224096806133837,5,2006
A token-based greedy chain scheduling algorithm (T-GCSA) for situation aware wireless LANs,"A Spyropoulos, C Raghavendra","Proceedings, IEEE Aerospace Conference 3, 3-3",https://scholar.google.fr/scholar?oi=bibs&hl=en&cites=3313822409230504839,5,2002
All-to-all broadcast and matrix multiplication in faulty SIMD hypercubes,"A Sengupta, CS Raghavendra","IEEE Transactions on Parallel and Distributed Systems 9 (6), 550-560",https://scholar.google.fr/scholar?oi=bibs&hl=en&cites=11811913027191756123,5,1998
PAMAS-power aware multi-access protocol with signalling for ad hoc networks,"CS Raghavendra, S Singh",Oct,"https://scholar.google.fr/scholar?oi=bibs&hl=en&cites=5505289662824251509,18150612548356758739",5,1997
Flexible routing criteria for circuit-switched hypercubes,"GM Chiu, S Chalasani, CS Raghavendra","Journal of Parallel and Distributed Computing 22 (2), 279-294",https://scholar.google.fr/scholar?oi=bibs&hl=en&cites=2881203890044796288,5,1994
A fully distributed parallel ray tracing scheme on the Delta Touchstone machine,"TY Lee, CS Raghavendra, JB Nicholas",[1993] Proceedings The 2nd International Symposium on High Performance …,https://scholar.google.fr/scholar?oi=bibs&hl=en&cites=15053223284968862326,5,1993
Minimal full-access networks: enumeration and characterization,"MA Sridhar, CS Raghavendra","Journal of Parallel and Distributed Computing 9 (4), 347-356",https://scholar.google.fr/scholar?oi=bibs&hl=en&cites=4070999899409749477,5,1990
Efficient extraction of high centrality vertices in distributed graphs,"AG Kumbhare, M Frincu, CS Raghavendra, VK Prasanna","2014 IEEE High Performance Extreme Computing Conference (HPEC), 1-7",https://scholar.google.fr/scholar?oi=bibs&hl=en&cites=674576498125595775,4,2014
Weighted task regularization for multitask learning,"Y Liu, A Wu, D Guo, KT Yao, CS Raghavendra","2013 IEEE 13th International Conference on Data Mining Workshops, 399-406",https://scholar.google.fr/scholar?oi=bibs&hl=en&cites=3916709909273672048,4,2013
Routing fountains: Leveraging wide-area broadcast to improve mobile inter-domain routing,"J Train, J Bannister, CS Raghavendra","2011-MILCOM 2011 Military Communications Conference, 842-848",https://scholar.google.fr/scholar?oi=bibs&hl=en&cites=16128527878615851133,4,2011
Learning a policy for coordinated sampling in body sensor networks,"S Liu, A Panangadan, A Talukder, CS Raghavendra","2011 International Conference on Body Sensor Networks, 77-82",https://scholar.google.fr/scholar?oi=bibs&hl=en&cites=12640287292506519968,4,2011
Time management in active networks,"C Lee, E Coe, JM Clark, J Stepanek, C Raghavendra, K Bellman",Proceedings Third Annual International Workshop on Active Middleware …,https://scholar.google.fr/scholar?oi=bibs&hl=en&cites=1677281146089066738,4,2001
Comparing multicast protocols in mobile ad hoc networks,"RC Durst, K Scott, MJ Zukoski, CS Raghavendra","2001 IEEE Aerospace Conference Proceedings (Cat. No. 01TH8542) 3, 3/1051-3 …",https://scholar.google.fr/scholar?oi=bibs&hl=en&cites=8199797335437030713,4,2001
On some global operations in faulty SIMD hypercubes,"A Sengupta, CS Raghavendra","Proceedings of International Conference on Parallel Processing, 579-583",https://scholar.google.fr/scholar?oi=bibs&hl=en&cites=4535455207087110108,4,1996
A practical scheduling scheme for non-uniform parallel loops on distributed memory parallel machines,"TY Lee, CS Raghavendra, H Sivaraman",Proceedings of HICSS-29: 29th Hawaii International Conference on System …,https://scholar.google.fr/scholar?oi=bibs&hl=en&cites=16629745153879475323,4,1996
Multicast switch based on tandem expanded delta network,"R Venkateswaran, CS Raghavendra","Proceedings of GLOBECOM'95 3, 1707-1711",https://scholar.google.fr/scholar?oi=bibs&hl=en&cites=11052845613456291740,4,1995
Parallelizing sequential programs to a cluster of workstations,"H Sivaraman, CS Raghavendra","PROCEEDINGS OF THE INTERNATIONAL CONFERENCE ON PARALLEL PROCESSING, 38-41",https://scholar.google.fr/scholar?oi=bibs&hl=en&cites=5278526623781419871,4,1995
Routing permutations on hypercube machines with half-duplex links,"CS Raghavendra, MA Sridhar","Journal of Parallel and Distributed Computing 20 (1), 14-19",https://scholar.google.fr/scholar?oi=bibs&hl=en&cites=10768546147001881253,4,1994
Global semigroup operations in faulty SIMD hypercubes,"CS Raghavendra, MA Sridhar","[1993] Proceedings Seventh International Parallel Processing Symposium, 706-711",https://scholar.google.fr/scholar?oi=bibs&hl=en&cites=6971776634815233115,4,1993
An algorithm for optimal file allocation in distributed computing systems,"GM Chiu, CS Raghavendra",INFOCOM 87,https://scholar.google.fr/scholar?oi=bibs&hl=en&cites=326371572337778583,4,1987
Geometric algorithms on HMESH architecture,"SB Chalasani, CS Raghavendra",Proc. IEEE Workshop on Computer Architecture for Pattern Analysis and …,https://scholar.google.fr/scholar?oi=bibs&hl=en&cites=9268544665333880129,4,1987
FAULT TOLERANCE IN COMPUTER COMMUNICATION ARCHITECTURES.,CS Raghavendra,,https://scholar.google.fr/scholar?oi=bibs&hl=en&cites=12972260294937912594,4,1983
A simulator for on-line arithmetic,"CS Raghavendra, MD Ercegovac","1981 IEEE 5th Symposium on Computer Arithmetic (ARITH), 92-98",https://scholar.google.fr/scholar?oi=bibs&hl=en&cites=734068585298588623,4,1981
Probabilistic Routing in Intermittently Connected Networks.,"L Liu, Z Chen, HY Huang, PE Luo, M Li, D Li, X Li, W Shu, MY Wu, H Kang, ...","Information Technology Journal 9 (2), 3381-3396",https://scholar.google.fr/scholar?oi=bibs&hl=en&cites=2788126504609190949,3,2007
Energy Efficient Detection Algorithms for Wireless Sensor Networks,"C Tang, CS Raghavendra",Book chapter in Handbook on Theoretical and Algorithmic Aspects of Sensor …,https://scholar.google.fr/scholar?oi=bibs&hl=en&cites=2163640740166564154,3,2005
Wavelet based source broadcast for in-network processing in sensor networks unknown side information,"C Tang, CS Raghavendra","GLOBECOM'05. IEEE Global Telecommunications Conference, 2005. 1, 5 pp.",https://scholar.google.fr/scholar?oi=bibs&hl=en&cites=4919443374132002681,3,2005
Gathercast with Active Networks,"Y He, CS Raghavendra, S Berson",Proceedings of Fourth Annual International Workshop on Active Middleware …,https://scholar.google.fr/scholar?oi=bibs&hl=en&cites=16838808177681632346,3,2002
Run-Time adaptation with resource Co-Allocation for Grid environments,"AH Alhusaini, CS Raghavendra, VK Prasanna",Proceedings of the 15th International Parallel & Distributed Processing …,https://scholar.google.fr/scholar?oi=bibs&hl=en&cites=10785492435803135302,3,2001
Implementation of a pattern-matching approach for identifying algorithmic concepts in scientific FORTRAN programs,"JR Hagemeister, S Bhansali, CS Raghavendra",Proceedings of 3rd International Conference on High Performance Computing …,https://scholar.google.fr/scholar?oi=bibs&hl=en&cites=5326524937758012622,3,1996
Exact solutions to diameter and routing problems in PEC networks,"CS Raghavendra, MA Sridhar","Journal of Parallel and Distributed Computing 34 (2), 202-210",https://scholar.google.fr/scholar?oi=bibs&hl=en&cites=15445016160867597278,3,1996
On methods to align and access data arrays in parallel computers,"RV Boppana, CS Raghavendra","Journal of Parallel and Distributed Computing 26 (2), 261-269",https://scholar.google.fr/scholar?oi=bibs&hl=en&cites=16662348715128309817,3,1995
Jitter at an ATM Multiplexer in the presence of correlated traffic,"R Krishnan, J Silvester, CS Raghavendra",Proceedings IPCCC 95,https://scholar.google.fr/scholar?oi=bibs&hl=en&cites=1727447739360110673,3,1995
Computing large subcubes in residual hypercubes,"MA Sridhar, CS Raghavendra","Journal of Parallel and Distributed Computing 24 (2), 213-217",https://scholar.google.fr/scholar?oi=bibs&hl=en&cites=17458654915996311386,3,1995
Load balancing strategies for ray tracing on parallel processors,"TY Lee, CS Raghavendra, JB Nicholas",Proceedings of TENCON'94-1994 IEEE Region 10's 9th Annual International …,https://scholar.google.fr/scholar?oi=bibs&hl=en&cites=17863853386172712388,3,1994
A parallel algorithm for execution of production systems on HMESH architecture,"SB Tien, CS Raghavendra",Proceedings of the 1987 Fall Joint Computer Conference on Exploring …,https://scholar.google.fr/scholar?oi=bibs&hl=en&cites=16002420383621177757,3,1987
A comparative study of a class of double loop network architectures,"CS Raghavendra, JA Silvester","1984 IEEE International Conference on Communications (ICC, 149-152",https://scholar.google.fr/scholar?oi=bibs&hl=en&cites=14434451587258488776,3,1984
Efficient Inter-Datacenter Bulk Transfers with Mixed Completion Time Objectives,"M Noormohammadpour, S Kandula, CS Raghavendra, S Rao",arXiv preprint arXiv:1905.01749,https://scholar.google.fr/scholar?oi=bibs&hl=en&cites=17331191824497774416,2,2019
Large-scale unsupervised deep representation learning for brain structure,"A Jaiswal, D Guo, CS Raghavendra, P Thompson",arXiv preprint arXiv:1805.01049,https://scholar.google.fr/scholar?oi=bibs&hl=en&cites=4726560937698295835,2,2018
Comparison of flow scheduling policies for mix of regular and deadline traffic in datacenter environments,"M Noormohammadpour, CS Raghavendra",arXiv preprint arXiv:1707.02024,https://scholar.google.fr/scholar?oi=bibs&hl=en&cites=14099637368168584325,2,2017
Node Disjoint Split Multipath Multicast Ad-hoc On-demand Distance Vector Routing Protocol (NDSM-MAODV),"M Nagaratna, C Raghavendra, VK Prasad","International Journal of Computer Applications 26 (10), 1-12",https://scholar.google.fr/scholar?oi=bibs&hl=en&cites=8563037029457548088,2,2011
Efficient QOS aware routing in wireless sensor using six sigma.,"S Ramesh, PG Kumar, E Kuiper, S Nadjm-Tehrani, T Spyropoulos, ...","Asian Journal of Scientific Research 6 (4), 592-604",https://scholar.google.fr/scholar?oi=bibs&hl=en&cites=8695593102256619684,2,2011
AC 2008-492: SUMMER RESEARCH PROGRAM FOR MEANINGFUL INTERNATIONAL EXPERIENCE,C Raghavendra,"age 13, 1",https://scholar.google.fr/scholar?oi=bibs&hl=en&cites=17901260096611232444,2,2008
The Women in Science and Engineering (WISE) Program at the University of Southern California: Achievements and Challanges of the First Five Years,"N Hawkes, J Morrison, C Raghavendra",ASEE Annual Conference Proceedings,https://scholar.google.fr/scholar?oi=bibs&hl=en&cites=4447544583964663643,2,2007
Providing power awareness to wireless microsensor networks using tripwires,"C Tang, CS Raghavendra",Proceedings of the IEEE 6th Circuits and Systems Symposium on Emerging …,https://scholar.google.fr/scholar?oi=bibs&hl=en&cites=1219833593273433188,2,2004
Analysis of UDP performance enhancement proxies for mobile users,"E Coe, J Stepanek, C Raghavendra",2003 IEEE 58th Vehicular Technology Conference. VTC 2003-Fall (IEEE Cat. No …,https://scholar.google.fr/scholar?oi=bibs&hl=en&cites=3409586219791895175,2,2003
A rate-adaptive power control scheme for wireless microsensor networks,"C Tang, CS RAGHAVENDRA","Mobile And Wireless Communications Networks: (With CD-ROM), 105-108",https://scholar.google.fr/scholar?oi=bibs&hl=en&cites=9308853732288377205,2,2003
Collaborative and distributed computation in mesh-like sensor arrays,"M Singh, VK Prasanna, J Rolim, CS Raghavendra",IN THE IFIP-TC6 8TH INTERNATIONAL CONFERENCE ON PERSONAL WIRELESS …,https://scholar.google.fr/scholar?oi=bibs&hl=en&cites=6133586213755800046,2,2003
An Adaptive Communication System for Heterogeneous Network Computing.,"I Ra, S Hariri, CS Raghavendra","IPDPS, 88",https://scholar.google.fr/scholar?oi=bibs&hl=en&cites=8508635220869674671,2,2001
Semi-automatic generation of parallelizable patterns from source code examples,"D Markovic, JR Hagemeister, CS Raghavendra, S Bhansali",Proceedings Fifth International Workshop on Program Comprehension. IWPC'97 …,https://scholar.google.fr/scholar?oi=bibs&hl=en&cites=4722037605791176627,2,1997
Admission Control in ATM Networks using Fuzzy-ARTMAP,"I Mahadevan, CS Raghavendra",Proceedings of the International Workshop on Applications of Neural Networks …,https://scholar.google.fr/scholar?oi=bibs&hl=en&cites=6895950352853214169,2,1997
ADDT: automatic data distribution tool for porting programs to PVM,"H Sivaraman, CS Raghavendra",Proceedings of HICSS-29: 29th Hawaii International Conference on System …,https://scholar.google.fr/scholar?oi=bibs&hl=en&cites=1409113063444583160,2,1996
Parallel implementation of ray-tracing algorithm on the Intel Delta parallel computer,"TY Lee, CS Raghavendra, JB Nicholas","Proceedings of 9th International Parallel Processing Symposium, 688-692",https://scholar.google.fr/scholar?oi=bibs&hl=en&cites=6497460781470707365,2,1995
Jitter at an ATM multiplexer in the presence of correlated sources,"R Krishnan, JA Silvester, CS Raghavendra",Proceedings International Phoenix Conference on Computers and Communications …,https://scholar.google.fr/scholar?oi=bibs&hl=en&cites=4538088559772204989,2,1995
On porting sequential programs to parallel machines,"CS Raghavendra, S Bhansali",Proceedings Eighteenth Annual International Computer Software and …,https://scholar.google.fr/scholar?oi=bibs&hl=en&cites=18172751428546513324,2,1994
Adaptive packet-routing algorithms for k-ary n-cubes,"RV Boppana, S Chalasani, CS Raghavendra","Division of Mathematics, Computer Science, and Statistics, the University of …",https://scholar.google.fr/scholar?oi=bibs&hl=en&cites=17315484062062822047,2,1992
Reliability evaluation of fault-tolerant computers for aerospace applications,"C Raghavendra, D Lee","7th Computers in Aerospace Conference, 3127",https://scholar.google.fr/scholar?oi=bibs&hl=en&cites=14758172540705828713,2,1989
Minimum spanning tree on the HMESH architecture,"RV Boppana, CS Raghavendra","Proceedings., 2nd Symposium on the Frontiers of Massively Parallel …",https://scholar.google.fr/scholar?oi=bibs&hl=en&cites=11821101646714392375,2,1988
Reliability and fault-tolerance in multistage interconnection networks,"CS Raghavendra, A Varma","Sadhana 11 (1-2), 111",https://scholar.google.fr/scholar?oi=bibs&hl=en&cites=15169800459787021611,2,1987
Fault-Tolerant Routing of Permutations in Extra-Stage Networks.,"A Varma, CS Raghavendra","ICDCS, 54-61",https://scholar.google.fr/scholar?oi=bibs&hl=en&cites=15547727182087960938,2,1986
On Minimizing the Completion Times of Long Flows over Inter-Datacenter WAN,"M Noormohammadpour, A Srivastava, CS Raghavendra","IEEE Communications Letters 22 (12), 2475-2478",https://scholar.google.fr/scholar?oi=bibs&hl=en&cites=16664762927633103862,1,2018
Minimizing flow completion times using adaptive routing over inter-datacenter wide area networks,"M Noormohammadpour, CS Raghavendra",IEEE INFOCOM 2018-IEEE Conference on Computer Communications Workshops …,https://scholar.google.fr/scholar?oi=bibs&hl=en&cites=10923292491898857324,1,2018
Fast learning of approximation policies for coordination in distributed networks,"S Liu, A Panangadan, CS Raghavendra, AM Madni","2014 World Automation Congress (WAC), 285-290",https://scholar.google.fr/scholar?oi=bibs&hl=en&cites=12352414422651633845,1,2014
COORDINATED SENSING OF NETWORKED BODY SENSORS USING MARKOV DECISION PROCESSES,"A Panangadan, S Liu, A Talukder, CS Raghavendra","Applied Artificial Intelligence 27 (2), 126-150",https://scholar.google.fr/scholar?oi=bibs&hl=en&cites=16340523704289819745,1,2013
Tree free utility based multicast in DTNs,"A Goundan, E Coe, C Raghavendra","2010 IEEE Aerospace Conference, 1-7",https://scholar.google.fr/scholar?oi=bibs&hl=en&cites=14026065591034544015,1,2010
PEGASIS: Power efficient gathering in sensor information systems.,"N Tuah, M Ismail, K Jumari, MS Ali, T Dey, R Biswas, AA Abbasi, ...","Journal of Applied Sciences 12 (13), pp: 909-914",https://scholar.google.fr/scholar?oi=bibs&hl=en&cites=6084976260380008598,1,2008
Distributed Signal Processing in Wireless Sensor Networks,"CS Raghavendra, VK Prasanna",UNIVERSITY OF SOUTHERN CALIFORNIA LOS ANGELES DEPT OF ELECTRICAL ENGINEERING,https://scholar.google.fr/scholar?oi=bibs&hl=en&cites=1547028813069514501,1,2005
MAC-Physical Layer Interaction for Efficient Communication in Wireless Networks,"T Spyropoulos, CS Raghavendra",Invited Paper for PIMRC,https://scholar.google.fr/scholar?oi=bibs&hl=en&cites=6995273473932603440,1,2005
IMPROVING THE PERFORMANCE OF IEEE 802.11 IN WIRELESS MULTI-HOP NETWORKS,"G LU, CS RAGHAVENDRA","Mobile And Wireless Communications Networks: (With CD-ROM), 41-44",https://scholar.google.fr/scholar?oi=bibs&hl=en&cites=6344946351652428730,1,2003
Topology control of multihop wireless networks using transmit power adjustment.,"H Gao, B Wang, X Hu, W Xiong, IF Akyildiz, W Su, ...","Information Technology Journal 11 (8), 393-422",https://scholar.google.fr/scholar?oi=bibs&hl=en&cites=6679894990314360872,1,2002
Using multiple space assests with In-situ measurements to track flooding in Thailand.,"S Chien, J Doubleday, D Mclaren, D Tran, C Khunboa, W Leelapatra, ...","Pasadena, CA: Jet Propulsion Laboratory, National Aeronautics and Space …",https://scholar.google.fr/scholar?oi=bibs&hl=en&cites=5598472795508620483,1,2001
The Ninth Workshop on Heterogeneous Computing: HCW 2000,"HJ Siegel, CS Raghavendra",PURDUE UNIV LAFAYETTE IN SCHOOL OF ELECTRICAL AND COMPUTER ENGINERING,https://scholar.google.fr/scholar?oi=bibs&hl=en&cites=11066737503171437564,1,2000
Energy-efficient clustering routing algorithm based weight and fitness for WSN.,"XG Qiao, HQ Wang, SB Gao, Z Wang, GJ Pottie, WJ Kaiser, ...","Journal of Applied Sciences 13 (22), 51-58",https://scholar.google.fr/scholar?oi=bibs&hl=en&cites=10756708619712950883,1,2000
Improved algorithms for computing with faulty SIMD hypercubes,"CS Raghavendra, MA Sridhar","Telecommunication Systems 10 (1-2), 149-156",https://scholar.google.fr/scholar?oi=bibs&hl=en&cites=17227594537904618887,1,1998
Modelling and analyses of dynamic load-balancing policies by state aggregation,"HC Lin, CS Raghavendra","International Journal of Modelling and Simulation 17 (1), 20-28",https://scholar.google.fr/scholar?oi=bibs&hl=en&cites=15080367998713990048,1,1997
Parallel processing for graphics rendering on distributed memory multicomputers,"TY Lee, CS Raghavendra",Washington State University,https://scholar.google.fr/scholar?oi=bibs&hl=en&cites=14515121632505796797,1,1995
Addt: Automatic data distribution tool for porting programs to distributed memory machines,"H Sivaraman, CS Raghavendra","Workshop on Automatic Data Layout and Performance Prediction, CRPC",https://scholar.google.fr/scholar?oi=bibs&hl=en&cites=9796680786105304460,1,1995
Visualization of parallel molecular dynamics simulation on a remote visualization platform,"TY Lee, CS Raghavendra, JB Nicholas","Pacific Northwest Lab., Richland, WA (United States)",https://scholar.google.fr/scholar?oi=bibs&hl=en&cites=4087419196746213055,1,1994
A comparison of adaptive packet-routing algorithms for tori,"RV Boppana, S Chalasani, CS Raghavendra","Proceedings of Phoenix Conference on Computers and Communications, 120-126",https://scholar.google.fr/scholar?oi=bibs&hl=en&cites=5664050563169881964,1,1993
A Two Phase Multicast Routing Algorithm in Self-Routing Multistage Networks,"CS Raghavendra, X Chen, VP Kumar","IEEE INTERNATIONAL CONFERENCE ON COMMUNICATIONS 1 (3), 1612-1612",https://scholar.google.fr/scholar?oi=bibs&hl=en&cites=7916304483928180156,1,1993
Dynamic Load Balancing for Distributed Systems in Real-Time Environment,"HC Lin, CS Raghavendra","Computer Science and Informatics 23, 19-19",https://scholar.google.fr/scholar?oi=bibs&hl=en&cites=11532310403635739861,1,1993
Design for reliability of telecommunication systems and services guest editors' prolog,"A Reibman, CS Raghavendra","IEEE transactions on reliability 40 (4), 402-403",https://scholar.google.fr/scholar?oi=bibs&hl=en&cites=15854367504401274356,1,1991
Fault tolerance and testing aspects of an architecture for a generalized sidelobe cancellor,"MA Breuer, A Majumdar, CS Raghavendra","Proceedings 1988 IEEE International Conference on Computer Design: VLSI, 514-519",https://scholar.google.fr/scholar?oi=bibs&hl=en&cites=1594372383884701740,1,1988
Optimal joint load balancing and routing in message switched computer networks,"HC Lin, JR Yee, CS Raghavendra","IEEE INFOCOM'88, Seventh Annual Joint Conference of the IEEE Computer and …",https://scholar.google.fr/scholar?oi=bibs&hl=en&cites=17307143636549819358,1,1988
On methods for fast and eﬁicient parallel memory access,"CS Raghavendra, R Boppana","Proc. of the 1990 International Conference on Parallel Processing 1, 76",https://scholar.google.fr/scholar?oi=bibs&hl=en&cites=6215416073617463115,1,
Auction-sc–an auction-based framework for real-time task assignment in spatial crowdsourcing,"M Asghari, C Shahabi, L Fan, S Rallapalli, H Qiu, A Bency, S Karthikeyan, ...","Resource 12, 928",https://scholar.google.fr/scholar?oi=bibs&hl=en&cites=12856849564257595622,1,
Coordinated Sampling in Communication Constrained Sensor Networks using Markov Decision Processes,"SLAPA Talukder, CS Raghavendra",,https://scholar.google.fr/scholar?oi=bibs&hl=en&cites=16196341613378298045,1,
PAMAS-Power Awa. re hhlti-Access protocol with Signal-ing in,"CS Raghavendra, S Singh","4d Hoc Networks, 5-26",https://scholar.google.fr/scholar?oi=bibs&hl=en&cites=6588674507505173244,1,
Optimizing Inter-Datacenter Tail Flow Completion Times using Best Worst-case Routing,"M Noormohammadpour, A Srivastava, CS Raghavendra",arXiv preprint arXiv:1908.09070,,,2019
Fast and Efficient Bulk Multicasting over Dedicated Inter-Datacenter Networks,"M Noormohammadpour, CS Raghavendra, S Kandula, S Rao",arXiv preprint arXiv:1812.06553,,,2018
List of several SDN switches that support Group Table ALL feature,"M Noormohammadpour, CS Raghavendra",OSF Preprints,,,2018
Autoencoder-derived features as inputs to classification algorithms for predicting failures,"JJ Liu, A Jaiswal, KT Yao, CS Raghavendra","US Patent App. 15/496,995",,,2017
Efficient minimum spanning tree construction without Delaunay triangulation,"P Kuila, PK Jana, IF Akyildiz, MC Vuran, IF Akyildiz, S Weilian, ...",Clustering and Routing Algorithms for Wireless Sensor Networks: Energy …,,,2017
Building confidence in the reliability assessment of thermal-hydraulic passive systems,"H Fazlollahtabar, STA Niaki, A Abo Al-Kheer, A El-Hami, MG Kharmanda, ...","Reliability Models of Complex Systems for Robots and Automation 48 (1), vii-ix",,,2017
MARKOV DECISION PROCESS FOR ADAPTIVE CONTROL OF DISTRIBUTED BODY SENSOR NETWORKS,"S Liu, A Panangadan, A Talukder, CS Raghavendra",Wireless Computing in Medicine: From Nano to Cloud with Ethical and Legal …,,,2016
Optimizing Link Sleeping Reconfigurations in ISP Networks with Off-Peak Time Failure Protection,"SY Hui, KH Yeung, E Gustafsson, A Jonsson, IF Akyildiz, S Mohanty, J Xie, ...","Wireless Multimedia Communication Systems: Design, Analysis, and …",,,2014
Single and Multiple Frame Video Traffic Pre,C Raghavendra,"Computer Networks, Architecture and Applications: Proceedings of the IFIP …",,,2013
Bounding the lifetime of sensor networks via optimal role assignments.,"TA Alghamdi, A Ahmad, K Latif, N Javaid, A Khan, U Qasim, A Ahmad, ...","Trends in Applied Sciences Research 11 (1), pp: 1-4",,,2013
Active Middleware Services: From the Proceedings of the 2nd Annual Workshop on Active Middleware Services,"S Hariri, CA Lee, CS Raghavendra",Springer Science & Business Media,,,2012
An analytical model of a discrete-time polling MAC protocol for wireless LANs using M-gated services.,"C Qing, D Hong-Wei, L Qian-Lin, Y Zhi-Jun, ADS Clemente, ...","Information Technology Journal 12 (22), 15009-15035",,,2012
Data gathering algorithms in sensor networks using energy metrics.,"H Li, Q Xiong, W Shi, H Chen, M Du, Y Ran, N Tuah, M Ismail, K Jumari, ...","Information Technology Journal 13 (1), 1332-1344",,,2012
A cluster-based routing protocol for wireless sensor networks with nonuniform node distribution.,"N Nokhanji, ZM Hanapi, S Subramaniam, MA Mohamed, HW Ferng, ...","Journal of Applied Sciences 14 (8), 347-367",,,2012
PEGASIS: Power efficient gathering in sensor information systems.,"A P. Abidoye, N A. Azeez, A O. Adesina, K K. Agbele, AP Abidoye, ...","Research Journal of Information Technology 4 (4), 191-200",,,2011
Wireless integrated network sensors.,"M Essam Khedr, AK Mahmoud, C Li, H Zhang, B Hao, J Li, C Hua, ...","Journal of Applied Sciences 12 (19), 3498-3526",,,2011
An energy efficient data collection in sensor networks is proposed.,"Z Chen, Y He, W Yang, J Cheng, HB Jiang, XQ Ma, LC Liu, LJ Qian, ...","Journal of Applied Sciences 13 (22), pp: 1-5",,,2010
Power control in wireless sensor network based on nearest neighbor algorithm.,"Y Lu, F Chen, Y Chen, N Xu, CG Cassandras, J Wang, I Howitt, ...","Information Technology Journal 12 (1), pp: 3757-3762",,,2009
AC 2009-1805: A FULLY INTERDISCIPLINARY APPROACH TO CAPSTONE DESIGN COURSES,"M Redekopp, C Raghavendra","age 14, 1",,,2009
Lifetime optimized algorithm with mobile sink node in wireless sensor networks.,"Y Chen, Y Liu, Y Zhou, J Yick, B Mukherjee, D Ghosal, S Lindsey, ...","Information Technology Journal 12 (4), 2292-2330",,,2008
Efficient QOS aware routing in wireless sensor using six sigma.,"S Ramesh, PG Kumar, D Cokuslu, K Erciyes, T Spyropoulos, K Psounis, ...","Journal of Artificial Intelligence 6 (2), pp: 1-5",,,2008
Problem Solving Theory and applications: Quotient Space Granular Computing Theory and Applications.,"X Jianfeng, L Yu, A Mahmood, S Khatoon, Z Yuanjian, X Yuan, AA Abbasi, ...","Information Technology Journal 13 (15), 2826-2841",,,2007
An energy-balancing unequal clustering protocol for wireless sensor networks.,"M Senthil, V Rajamani, GR Kanagachidambaresan, AA Abbasi, M Younis, ...","Information Technology Journal 13 (4), 2826-2841",,,2007
A routing-based dynamic workflow.,"H Li, FX Yu, X Zhou, H Luo, EPC Jones, L Li, JK Schmidtke, PAS Ward, ...","Information Technology Journal 9 (8), 943-959",,,2007
Classical and swarm intelligence based routing protocols for wireless sensor networks: A survey and comparison.,"N Nokhanji, ZM Hanapi, AA Abbasi, M Younis, IF Akyildiz, W Su, ...","Journal of Applied Sciences 14 (18), 2826-2841",,,2007
AC 2007-1145: THE WOMEN IN SCIENCE AND ENGINEERING (WISE) PROGRAM AT THE UNIVERSITY OF SOUTHERN CALIFORNIA: ACHIEVEMENTS AND CHALLENGES OF THE FIRST FIVE YEARS,"J Morrison, C Raghavendra","age 12, 1",,,2007
COMPRESSION TECHNIQUES FOR,"C Tang, CS Raghavendra","Wireless Sensor Networks, 207",,,2006
Performance Analysis of Mobility-assisted Routing,"K Psounis, CS Raghavendra",,,,2006
Aerospace Technical Support for DARPA Network Modeling and Simulation Program and Cognitive Networks,C Raghavendra,CALIFORNIA UNIV LOS ANGELES DEPT OF CONTRACTS AND GRANTS,,,2005
Model-Based Integrated Simulation (MILAN),"VK Prasanna, CS Raghavendra, A Ledeczi",UNIVERSITY OF SOUTHERN CALIFORNIA LOS ANGELES,,,2005
Wireless sensor networks-[Book Review],"CS Raghavendra, KM Sivalingam, T Znati","Communications Engineer 2 (6), 46-47",,,2005
"Guest editorial: algorithmic solutions for wireless, mobile, ad hoc and sensor networks","A Bar-Noy, AA Bertossi, CM Pinotti, CS Raghavendra","Mobile Networks and Applications 10 (1-2), 7-8",,,2005
"HEED: A hybrid, energy-efficient, distributed clustering approach for ad hoc sensor networks.","G Xin, W HuaYang, B DeGang, K Akkaya, M Younis, IF Akyildiz, W Su, ...","Information Technology Journal 7 (2), 325-349",,,2005
Distributed clustering using wireless sensor networks.,"NA Babu, R Kumar, N Ahmed, SS Kanhere, S Jha, CKS Kumar, ...","Research Journal of Information Technology 6 (4), 4-18",,,2005
Two novel swarm intelligence clustering analysis methods.,"Z Wu, Y Nie, S Chen, H Zhang, L Wang, JN Al-Karaki, AE Kamal, ...","Information Technology Journal 11 (12), 6-28",,,2004
Routing and channel assignment for low power transmission in PCS.,"M Lakshmi, P Braun, DB Johnson, DA Maltz, I Ho, G Parr, A Marshall, ...","Information Technology Journal 5 (5), 153-181",,,2004
Lifetime maximization through dynamic ring-based routing scheme for correlated data collecting in WSNs.,"K Peng, R Cristescu, B Beferull-Lozano, M Vetterli, K Akkaya, M Younis, ...","Journal of Software Engineering 11 (1), pp: 2571-2582",,,2004
On-demand power management for ad hoc networks.,"JH Youn, C Kang, P Bergamo, A Giovanardi, A Travasoni, D Maniezzo, ...","Information Technology Journal 7 (2), 29-42",,,2004
A short look on power saving mechamisms in the wireless LAN standard draft IEEE 802.11.,"MV Subramanyam, L Bao, JJ Garcia-Luna-Aceves, DM Blough, ...","Information Technology Journal 5 (5), pp: 129-140",,,2003
Featured Section on Wireless Sensor Networks,"T Znati, C Raghavendra, K Sivalingam",Kluwer,,,2003
GC01. 4 Wavelet Based Source Broadcasting for In-network Processing in Sensor Networks with Unknown Side-Information,"C Tang, CS Raghavendra","GLOBECOM-NEW YORK- 1 (1), 16-20",,,2003
Workshop Introduction,"M Kumar, CS Raghavendra",Proceedings of the 16th International Parallel and Distributed Processing …,,,2002
HCEP: A hybrid cluster-based energy-efficient protocol for wireless sensor networks.,"W Wang, B Wang, Z Liu, L Guo, W Xiong, IF Akyildiz, W Su, ...","Information Technology Journal 10 (3), 393-422",,,2002
Grid coverage for surveillance and target location in distributed sensor networks.,"A Ur-Rahman, H Hasbullah, O U. Khan, B Chen, K Jamieson, ...","Research Journal of Information Technology 3 (3), 481-494",,,2002
PEGASIS: Power efficient gathering in sensor information systems.,"CB Thangammal, P Rangarajan, JRP Perinbam, IF Akyildiz, W Su, ...","Asian Journal of Scientific Research 5 (3), 102-114",,,2002
A cluster-based and tree-based power efficient data collection and aggregation protocol for wireless sensor networks.,"W Wang, Z Liu, X Hu, B Wang, L Guo, W Xiong, C Gao, IF Akyildiz, W Su, ...","Research Journal of Information Technology 3 (2), 393-422",,,2002
REACA: An efficient protocol architecture for large scale sensor networks.,"Y Wang, T . LX Yang, D Zhang, IF Akyildiz, W Su, Y Sankarasubramaniam, ...","Information Technology Journal 8 (1), 102-114",,,2002
An energy-balancing unequal clustering protocol for wireless sensor networks.,"M Senthil, V Rajamani, GR Kanagachidambaresan, IF Akyildiz, W Su, ...","Journal of Artificial Intelligence 7 (1), 393-422",,,2002
Periodicity-based anomalies in self-similar network traffic flow measurements.,"R Yan, Y Wang, H Kettani, JA Gubner, W Leland, M Taqqu, W Willinger, ...","Information Technology Journal 11 (2), pp: 160-165",,,2002
Data dissemination with ring-based index for wireless sensor networks.,"C Gao, B Wang, X Hu, Z Li, H Gao, IF Akyildiz, W Su, ...","Information Technology Journal 10 (10), 102-114",,,2002
A dynamic clustering-based routing algorithm for wireless senor networks.,"AP Abidoye, NA Azeez, AO Adesina, KK Agbele, IF Akyildiz, W Su, ...","Research Journal of Information Technology 3 (3), 102-114",,,2002
"Proceedings of the First ACM Internatinal Workshop on Wireless Sensor Networks & Applications: Atlanta, Georgia, USA, September 28, 2002",CS Raghavendra,ACM Press,,,2002
The cougar approach to in-network query processing in sensor networks.,"W Wang, B Wang, Z Liu, L Guo, A Manjeshwar, DP Agrawal, A Sengupta, ...","Information Technology Journal 10 (1), pp: 30189-30189",,,2001
PAMAS-power aware multi-access protocol with signaling for Ad Hoc networks.,"ZM Alfawaer, L Bononi, M Conti, L Donatiello, T Elbatt, A Ephremides, ...","Journal of Applied Sciences 7 (17), 211-222",,,2001
Invited Session: Advances and Research Challenges in Networking-Intelligent Traffic Engineering of Internets: Towards a Model-Based Approach,"CS Raghavendra, A Kumar","Lecture Notes in Computer Science 2228, 414-424",,,2001
Time Management in Virtual Worlds,"C Lee, J Stepanek, C Raghavendra, K Bellman, C Landauer","SIMULATION SERIES 33 (2), 244-249",,,2001
Heterogeneous Computing Workshop (HCW 2000),"VK Prasanna, CS Raghavendra",Proceedings of the 15 IPDPS 2000 Workshops on Parallel and Distributed …,,,2000
9th Heterogeneous Computing Workshop (HCW 2000),"CS Raghavendra, VK Prasanna","International Parallel and Distributed Processing Symposium, 1301-1305",,,2000
Delay management in delay-tolerant networks.,"S Chen, M Yin, A Vahdat, D Becker, A Keranen, J Ott, A Balasubramanian, ...","Information Technology Journal 12 (22), pp: 373-384",,,2000
Communication and coordination in wireless sensor and actor networks.,"Z Dai, Z Li, B Wang, Q Tang, IF Akyildiz, S Weilian, ...","Information Technology Journal 8 (7), 51-58",,,2000
Multipath minimum energy routing in ad hoc network.,"MN Huda, F Yasmeen, E Kamioka, S Yamada, S Agarwal, A Ahija, ...","Information Technology Journal 6 (7), pp: 1697-1701",,,2000
E cient collective communication in distributed heterogeneous systems,"PB Bhat, CS Raghavendra, V Prasanna","IEEE International Conference on Distributed Computing Systems, 15-24",,,1999
Maximum battery life routing to support ubiquitous mobile computing in wireless ad hoc networks.,"MA Bhagyaveni, EM Royer, CK Toh, CE Perkins, S Radha, ...","Information Technology Journal 4 (1), 46-55",,,1999
"Article ID jpdc. 1999.1609, available online at http: ย ย www. idealibrary. com on","I Ahmad, I Ahmad, S Ali, A Banerjee, PB Bhat, L Buttner, ST Chanson, ...","Journal of Parallel and Distributed Computing 59, 489",,,1999
Cluster Computing–Editorial Organization,"S Hariri, CS Raghavendra","Cluster Computing 1 (1), 3-9",,,1998
Admission Control and Routing Algorithms for ATM Networks,CS Raghavendra,WASHINGTON STATE UNIV PULLMAN WA SCHOOL OF ELECTRICAL ENGINEERING AND …,,,1998
Span: An energy-efficient coordination algorithm for topology maintenance in Ad Hoc wireless networks.,"V Mahesh, V Rodoplu, TH Meng, S Singh, CS Raghavendra, CE Perkins, ...","Information Technology Journal 5 (6), pp: 1633-1639",,,1998
Internet Services over a Direct Broadcast Satellite Network: Challenges and Opportunities,"C DeMatteis, M O'Brien, J Stepanek, S Michel, C Raghavendra, ...",NASA,,,1998
Optical crossbar networks,"AA Sawchuk, BK Jenkins, CS Raghavendra, A Varma","SPIE MILESTONE SERIES MS 142, 110-120",,,1997
Load balancing strategies for ray tracing on parallel processors,"TY Lee, CS Raghavendra, JB Nicholas","Integrated Computer-Aided Engineering 4 (4), 260-275",,,1997
"Bader, David A., 173 Barnard, David T., 2 Barnett, Mike, 111 Belford, Geneva G., 35","F Berman, YS Chen, KL Chung, G Clarke, N Das, J Dattagupta, K Efe, ...","Journal of Parallel and Distributed Computing 35, 219",,,1996
"Gupta, SKS, 137","CH Huang, RL Hyde, OH Ibarra, RW Johnson, T Leighton, JYT Leung, ...","Journal of Parallel and Distributed Computing 34, 234",,,1996
HIGH-PERFORMANCE DISTRIBUTED COMPUTING,CS Raghavendra,"Concurrency-Practice and Experience 6 (4), 231-233",,,1994
Uniform Minimal Full-Access Networks,CS Raghavendra,Interconnection networks for multiprocessors and multicomputers: theory and …,,,1994
"Gigabit revolution transcends the megabit revolution, says symposium keynoter","CS Raghavendra, S Hariri","Computer 26 (12), 75-75",,,1993
Broadcasting in faulty simd hypercubes,CS RAGHAVENDRA,Proc. IEEE Symposium on Parallel and Distributed Processing (SPDP'92),,,1992
Operation on Hypercubesl,"RV Boppana, CS Raghavendra",,,,1990
SESSION 6C. Compilers II (R): Maintaining Scalable Checkpoints on Hypercubes 11-98 C.-CJ Li and WK Fuchs (R): Issues in the Optimization of Parallel Programs 11-105,"SP Midkiff, DA Padua, KC Kim, A Nicolau, LS Liu, CW Ho, JP Sheu, V Lo, ...",Parallel Processing 1,,,1990
"SESSION ID. Sorting and Searching (R): An Efficient Sorting Algorithm for the Star Graph Interconnection Network Ill-1 A. Mcnn, and AK Somani (R): Searching Game Trees in …","I Steinberg, M Solomon, SR Huang, LS Davis, PJ Varman, BR Iyer, ...",Parallel Processing 1,,,1990
Research in Optical Interconnection Techniques.,"AA Sawchuk, BK Jenkins, CS Raghavendra",UNIVERSITY OF SOUTHERN CALIFORNIA LOS ANGELES SIGNAL AND IMAGE PROCESSING INST,,,1989
Queueing analysis in dynamic distributed real-time systems,"GM Chiu, CS Raghavendra","[1989] Proceedings. EUROMICRO Workshop on Real Time, 162-166",,,1989
On Dynamic Full Access in Multistage Interconnection Networks.,"CS Raghavendra, MA Sridhar","Reliability Of Computer And Communication Networks, 229-244",,,1989
"Research in optical interconnection techniques(Final Report, 1 May 1984-31 Mar. 1989)","A SAWCHUK, BK JENKINS, CS RAGHAVENDRA",,,,1989
The POTATO chip architecture: a study in tradeoffs for signal processing chip design,"B Sharma, R Jain, MA Breuer, AC Parker, C Raghavendra, CY Tseng","Proceedings 1988 IEEE International Conference on Computer Design: VLSI, 508-513",,,1988
50 Optical Crossbar Networks,"AA Sawchuk, BK Jenkins, CS Raghavendra, A Varma, DA Reed, ...",,,,1987
IN EXTRA-STAGE NETWORKS,"A Varma, CS Raghavendra","The 6th International Conference on Distributed Computing Systems, Cambridge …",,,1986
"ATALLAH, MIKHAU. J., 492","A BARAK, JC BERMOND, L BIG, GD BUZZARD, S CERI, MC CHEN, ...","Journal of Parallel and Distributed Computing 3, 600-601",,,1986
RELIABILITY MEASURES,"S Hariri, CS Raghavendra, VKP Kumar","International Symposium on New Directions in Computing, August 12-14, 1985 …",,,1985
AN ARRAY ARCHITECTURE FOR HIGH SPEED PARALLEL PROCESSING,"VKP Kumar, CS Raghavendra","International Symposium on New Directions in Computing, August 12-14, 1985 …",,,1985
TERMINAL RELIABILITY OPTIMIZATION IN DISTRIBUTED PROCESSING SYSTEMS,"S Al-Hariri, CS Raghavendra","Proceedings, 71",,,1984
MULTI-CONNECTED LOOP TOPOLOGIES,"CS RAGHAVENDRA, M GERLA, DS PARKER","COMPUTER NETWORKS AND ISDN SYSTEMS 6 (5), 368-368",,,1982
DCRoute,"M Noormohammadpour, C Raghavendra, S Rao",,,,
Functional SPECT neuroimaging using machine learning algorithms distinguishes autism spectrum disorder from healthy subjects,"DG Amen, MS Sarabi, K Willeumier, D Taylor, C Raji, S Meysami, ...",,,,
On Self-Routing in Benes and Shufﬂe-Exchange Networks,"CS Raghavendra, RV Boppana",,,,
Scholarships and Honors,CS RAGHAVENDRA,,,,
Notes on Paper “Efficient Multi-party Digital Signature using Adaptive Secret Sharing for Low-Power Devices in Wireless Networks”,"C Tang, DO Wu, AT Chronopoulos, CS Raghavendra",,,,
William J Leinberger Tim Levin Wei-Keng Liao Jorg Liebeherr,"HC Lin, T Braun, R Buyya, H Casanova, C Cavanaugh, F Chang, ...",,,,
Program Committee Chair,"W Johnston, H Simon, K Freeman, J Weissman, J Bashor, PA Baltes, ...",,,,
2 Preliminaries,"RV Boppana, CS Raghavendra",,,,
List of Participants and Observers,"S Agarwal, K Claffy, C Colbourn, P Cox, S Floyd, R Fujimoto, S Ghosh, ...",,,,
"Department of Computer Science University of Southern California 941 W. 37th Place Los Angeles, CA 90089-0781","Y He, CS Raghavendra",,,,
Symposium Steering Committee,"S Hariri, T Agerwala, AS Grimshaw, D McAuliffe, CS Raghavendra",,,,
FADA: A False Alarm Detection Algorithm for Wireless Microsensor Networks,"C Tang, CS Raghavendra, VK Prasanna",,,,
Message from the ISPA 2011 General Chairs,"JJJH Park, CS Raghavendra, Z Xu",,,,
GoFFish: A Framework for Distributed Analytics over Timeseries Graphs,"Y Simmhan, A Kumbhare, C Wickramaarachchi, N Ma, S Nagarkar, ...",,,,
"3rd International Workshop on Wireless, Mobile and Ad Hoc Networks (WMAN)","CM Pinotti, CS Raghavendra",,,,
Embedding and Reconﬁguration of Binary Trees in Faulty Hypercubes,CS Raghavendra,,,,
"Peter Reiher, UCLA","CS Raghavendra, V Bharghavan, S Hariri, C Polychronopoulos, C Lee, ...",,,,
XVR: X Visiting-pattern Routing for Sensor Networks,CS Raghavendra,,,,
Subject Area Editors,"DP Agrawal, I Ahmad, D Bader, A Boukerche, S Das, E Dekel, ...",,,,
"Feng, TY, 175","SA Fineberg, PJ Bernhard, DP Bertsekas, RV Boppana, DM Campbell, ...",,,,
Symposium Steering Committee,"S alim Hariri, CS Raghavendra",,,,
General Co-Chairs,"S Hariri, E Benkhelifa, Y Jararweh, CG Guegan, N Mansour, S Hassas, ...",,,,
Energy Efficient Collaborative and Distributed Computation in Mesh-like Sensor Arrays Ѓ,"M Singh, VK Prasanna, J Rolim, CS Raghavendra",,,,
SUBJECT INDEX A,"A Radulescu, C Raghavendra, N Ramasubramanian, D Ranjan, ...",,,,
A Token-based Greedy Chain Scheduling Algorithm (T-GCSA) for Situation Aware Wireless LANs1=,C Raghavendra,,,,
HPCA 1996 Chairs and Committees,"M Dubois, S Adve, JL Baer, A Choudhary, D Culler, C Das, A Gupta, ...",,,,
WSNA 2003,"K Sivalingam, CS Raghavendra",ACM press,,,
Algorithms & Applications,"G Bilardi, J Cuny, S Das, F Dehne, I Glendinning, A Grama, J Reif, ...",,,,
E cient Algorithms for Block-Cyclic Array Redistribution between Processor Sets,"N Park, VK Prasanna, C Raghavendra",,,,
Session 6C-Distributed Shared Memory,CS Raghavendra,,,,
"Tenth Heterogeneous Computing Workshop HCW 2001 Monday, April 23, 2001 JJJJJJJJJJJJJJJJJJJJJJJJJJJJJJJJJJJJJJJJJJJJJJJJJJJJJJJJJJJJJJJJJ","B Shirazi, S Hariri, HJ Siegel, F Berman, J Dongarra, RF Freund, ...",,,,
Reconﬁguration of Binary Trees in Faulty Hypercubes,"PJ Yangl, CS Raghavendra",,,,
