AuthorID,AuthorName,Count_cited
XnuKb_ujs1MC,Haijun Yang,82339
2nZjnKoAAAAJ,Xiaofeng Wang,74285
zNGYoA8AAAAJ,Yu Zhang,63335
LTl05m0AAAAJ,Zhen Hu,61548
U-hpAbcAAAAJ,Jing Zhu,59916
zHnFlEsAAAAJ,GQ Chen（陈国强）,56072
qG7UQVcAAAAJ,Guo-Qiang (George) Chen,46808
4LV7HnAAAAAJ,LIANG WANG,45724
BcfhJ-4AAAAJ,Jinghong Li,45473
aedLOyoAAAAJ,Yigong Shi,45129
H5msNWsAAAAJ,Fei Wei,44476
RekkftIAAAAJ,Li Liang  DAE-THU,43181
WYyB7wYAAAAJ,yanluan lin,37855
qkcc0OYAAAAJ,Qiang Zhang,36538
0Y3HEBUAAAAJ,Yimin Liu,33268
x-G741IAAAAJ,Peng Gong,31795
0-SZSzgAAAAJ,Lin Liu (刘璘),31370
IBF9kPwAAAAJ,Junwei Cao,28155
1Ah2Q0cAAAAJ,Zhang Jun,27579
66fXQKgAAAAJ,Zhihui Du,27383
T4e_ARMAAAAJ,Jian Yang,26968
nlpr-DMAAAAJ,Qiang Gao,26551
mWS1pY4AAAAJ,Minlie Huang,25924
JUtMTT0AAAAJ,Hongwei Zhu,24399
f2p7pEkAAAAJ,Yang Xu,24027
rlsV8SUAAAAJ,Quan Zhou,22403
PAxVoA0AAAAJ,Qiang Zhang,22190
qKvXbEoAAAAJ,Jun LI (李 隽),21134
sXJuK9MAAAAJ,Baoding Liu,20889
xwR1hoEAAAAJ,Boyang Xu,20792
5mUoFN0AAAAJ,Jianqiang Wang(王建强),19933
lC7bVMwAAAAJ,Ling Wang,19302
JGWdlSgAAAAJ,余刚,18220
MLEzuyAAAAAJ,Wenhui Duan,18162
61DNIX0AAAAJ,Hui Wu,18041
68qp0DwAAAAJ,Li Zhang,17642
7t2jzpgAAAAJ,Wenwu Zhu,17535
-goooIUAAAAJ,Gui Lu Long,17395
uoR2PUkAAAAJ,Baohua Li,17320
i6ziL8oAAAAJ,Yu-Jin ZHANG 章毓晋,17282
4h-LHsYAAAAJ,Lin-Hai Han,16638
2qu2fYMAAAAJ,Boming Zhang,16630
bPE4qTYAAAAJ,Yule Liu       劉玉樂,16262
GL9M37YAAAAJ,Changshui Zhang,16012
Hpg2NCcAAAAJ,Xi-Qiao Feng (冯西桥),15076
DmtqZ5oAAAAJ,Jianhua Feng,14932
CAlO2UsAAAAJ,Junhua Li,14834
npBqkNAAAAAJ,Wang Xiaoge,14818
AgT4P6gAAAAJ,Gang Yu,14739
2XzTffYAAAAJ,Zheng Ouyang,14618
_1f_6TEAAAAJ,Jianhong XU(徐建鸿）,14339
n1zDCkQAAAAJ,Tang Jie,14296
wrtnAbEAAAAJ,Zhi John Lu,13966
CHAajY4AAAAJ,Qionghai  Dai,13956
VfBaiG8AAAAJ,Jianyong Wang,13871
3vNOg44AAAAJ,wang shuxiao,13745
tvJSBWUAAAAJ,Dabo Guan (关大博),13543
N_Z0SDMAAAAJ,Chongqing Kang,13390
mK01ms0AAAAJ,Chenyi Yi,13303
rgD-ISsAAAAJ,Yongxin Wang,12753
pXFyClkAAAAJ,Li Jinhui (李金惠),12481
LDb4tb0AAAAJ,Shi-Min Hu,12295
hpAXtBEAAAAJ,Yinping Zhang,12245
tDuPo6MAAAAJ,Bilu Liu (刘碧录),12054
UW8q-dMAAAAJ,HongYing HU,11836
M0qlf9UAAAAJ,Jin chen,11698
5kidFf8AAAAJ,Xin-Bing Cheng,11524
7zupzg0AAAAJ,Fan Yang,11144
MiovcboAAAAJ,Jianmin Wang,10854
SoM0e_AAAAAJ,Jun Huang,10848
2rZz2dgAAAAJ,Bi-Jie Li,10823
cqiZ2wkAAAAJ,Jiawei Wang,10816
LBDHkJoAAAAJ,Xiaoyan Zhang,10729
YsQD69wAAAAJ,Daoxin Xie,10696
8qNKdf0AAAAJ,Shengwei Mei,10568
o2ZRDe4AAAAJ,Xuegong Zhang,10477
X8xxO-kAAAAJ,Wei Xie,10413
-P9LwcgAAAAJ,Gao Huang （黄高）,10406
zIgT0HMAAAAJ,Maosong Sun,10255
jCSAgFQAAAAJ,Wenchuan Wu,10053
gA1_RnwAAAAJ,Jian Chen,9893
hX_OHgYAAAAJ,zhigang xiao,9826
zmacM8cAAAAJ,Wei Lv,9788
aR34e1gAAAAJ,Jinzhi Lei,9670
42biksUAAAAJ,WEI PAN,9477
TN8uDQoAAAAJ,Jiwen Lu (鲁继文),9401
8HR2SA0AAAAJ,gao xiaorong,9398
s9EEgbUAAAAJ,Jian Wu,9361
GilP2wYAAAAJ,lei huang,9328
jhyC8TsAAAAJ,Zhaocheng Wang,9259
OD-QFQQAAAAJ,Jianming HU,9249
7WpyPYUAAAAJ,Peter E. Lobie,9229
Rm40Ke0AAAAJ,Ruitao Lv,9171
g3maTXcAAAAJ,Zeng-Yuan Guo,9138
-2_P9-QAAAAJ,"Wang, Xingzheng",9131
90AHpHIAAAAJ,"Xiaoyan Zhang, Xinyuan Professor of Finance",9048
JD8JFLsAAAAJ,Jinliang HE,9047
FgqyowEAAAAJ,Ye Wu,8972
nlQd1rsAAAAJ,Lian Duan 段炼,8949
-J67F8EAAAAJ,Xinzheng Lu,8905
s1jNBOMAAAAJ,Haitao Li,8886
dCSFHVYAAAAJ,Yihui Zhang,8845
gnxgnwQAAAAJ,Zhisheng Niu,8842
3GO5nkEAAAAJ,Weimin Zheng,8591
sSZPOCsAAAAJ,Jingkun Jiang,8505
AIDcfXYAAAAJ,Xiaohua Shen,8455
VNcqui8AAAAJ,Xu Zhiping,8288
dx3wNQYAAAAJ,LIU Xiaoli,8144
OTFnifoAAAAJ,Linglong Dai,8131
dCjNv3AAAAAJ,Moran Wang,8115
7ZWxY8EAAAAJ,Ke Wang,8035
kmgzPeQAAAAJ,Yong Li,7881
raOiufQAAAAJ,"Kun Yang, Dr., Professor",7831
UizQeO4AAAAJ,Hang Hubert Yin,7752
ko4rkXsAAAAJ,Liu Qiang,7668
SgNB-ioAAAAJ,Juanzi Li,7420
ExRe-64AAAAJ,Zheng Yang,7339
Pi89P8kAAAAJ,Guoliang Li,7305
ym995yYAAAAJ,Shuyun Zhou,7229
EChmLWsAAAAJ,Chen Chen,7217
xxckIDQAAAAJ,Xiongfeng Ma (马雄峰),7128
Fmu5TjcAAAAJ,Hamish Coates,7062
TOYCncwAAAAJ,Hao Zhou,7030
6C4hz9oAAAAJ,Yuan Li,7021
Lhc7LL8AAAAJ,Hui Zhai,6956
dT0v5u0AAAAJ,Zhiyuan Liu,6937
3m8I0XAAAAAJ,Huazhong Yang,6843
ZYDz2GIAAAAJ,Shixia Liu,6724
rw6vWdcAAAAJ,Shiji Song,6714
zSiDAt4AAAAJ,Ying-Qing Xu,6574
gNaxk-AAAAAJ,Lu languang,6528
DRiO-b0AAAAJ,Huaqiang Cao,6463
b8H2r2sAAAAJ,Peixue Jiang,6222
JpiiDZ8AAAAJ,Jingyu Xi 席靖宇,6167
K5oLBZEAAAAJ,Qing Xia,6137
EmXEPScAAAAJ,PENG LIANG,6049
axsP38wAAAAJ,Jun Zhu,6040
rDdW6xgAAAAJ,Lai Wang,5955
j8JGVvoAAAAJ,Yu Wang(汪玉),5942
vnx2cPoAAAAJ,Hong Yao (姚宏),5841
Ltlv2DMAAAAJ,Yubo Chen,5823
YxS113cAAAAJ,Sean (Xin) Xu,5757
PU8PbG4AAAAJ,Hao Zhang (张昊),5745
c9rl2XoAAAAJ,Xu-Ming Xie,5728
mnkNRq0AAAAJ,Huaping Xu,5696
hhV6J6UAAAAJ,Haizhou Ai,5633
UTDfWocAAAAJ,Yue Gao,5527
Dxiw1K8AAAAJ,Shengbo Eben Li（李升波）,5514
03RoJQ0AAAAJ,Shao Li,5457
bIVZQNwAAAAJ,Can-Li Song,5449
Aec7FSQAAAAJ,chuanyi Liu,5448
26jw6VgAAAAJ,Kai Liu,5394
-x35VMAAAAAJ,Chunxiao Jiang (姜春晓),5354
8YiDaHMAAAAJ,Ningsheng Cai,5307
Hk2hMmYAAAAJ,Yu Xiang (向宇),5293
5MaDEvAAAAAJ,Jiaping Wang,5281
Ejw7te8AAAAJ,Professor Binliang Lin,5249
_MjXpXkAAAAJ,Mingsheng Long (龙明盛),5212
U9JDkRUAAAAJ,Chao Sun,5120
PzmT8J4AAAAJ,Yi LUO,5104
vGwPE_wAAAAJ,HEwu Wang,5081
J3yWhfAAAAAJ,Jiang Wanjun,5068
xzi8EQMAAAAJ,Shiu-Yuen Cheng,5060
z0Gc4ZwAAAAJ,Yingying Zhang,5035
6G8hSssAAAAJ,Qinglai Guo,4992
02lscv4AAAAJ,Yunfeng Yang,4975
YVvMM_MAAAAJ,Bing Zhou,4965
dbR6bD0AAAAJ,Zhenhua Guo,4947
QOfauRYAAAAJ,Bin Zhao（赵 彬）,4901
pj2-oQcAAAAJ,He Tian (田禾),4880
r0KzDh8AAAAJ,Xiaowo Wang,4833
NBEsjOAAAAAJ,Xiaoyu Hu,4819
kdruKKkAAAAJ,Ming Zeng,4815
9PFjvSkAAAAJ,Zhao Xuebing,4800
Rv48UC8AAAAJ,Jing Ma,4799
hDHnDLgAAAAJ,Rau Pei-Luen Patrick,4784
UcpEexUAAAAJ,Yilin Mo,4770
RM9PdroAAAAJ,Meirong Zhang,4766
7Dt15owAAAAJ,Hai Qi,4761
_dh8V2gAAAAJ,Yong Xu (徐勇),4757
G8x97ZgAAAAJ,Peng Cui,4732
RXbsNzgAAAAJ,Bai Benfeng,4719
VQDOrG8AAAAJ,"Han, Xuebing",4619
zcTvdvwAAAAJ,Xuan Tian,4618
77OJO4UAAAAJ,Wu Ji,4550
x58fnLQAAAAJ,Keqiang Li,4511
5D_3qQ4AAAAJ,Xue-Ning Bai,4502
qSIysB4AAAAJ,Bo Hong,4498
LjBCl4UAAAAJ,Yuanyuan Duan (段远源),4497
BYt8ioUAAAAJ,Xiaorong Xie,4435
KTYQRzYAAAAJ,Jiangtao Wen,4414
0HtCYQEAAAAJ,Min Zhang,4395
MIVnt2cAAAAJ,Yi Cheng,4378
GFGN-ykAAAAJ,Dan Li,4359
fLdTI90AAAAJ,Rui Zhang,4349
5isoO_QAAAAJ,Yong Cui,4335
P1jPSzMAAAAJ,Minlie Huang,4322
_XXLtZgAAAAJ,Ke XU,4312
9c8plF0AAAAJ,Jun Bi,4301
i_zA1VsAAAAJ,Dan Pei,4269
o9SUWnoAAAAJ,Jianwen Luo,4230
sV7MnFkAAAAJ,Qinghua Zhang,4227
EXhxWjAAAAAJ,Sheng Zhou (周盛),4220
MHGupVkAAAAJ,Bin Liu,4179
HXnkIkwAAAAJ,Huaping Liu（刘华平）,4172
tOCrGOMAAAAJ,Zhijie Chang,4167
GlCGG30AAAAJ,Peter Ho （何佩生）,4149
dvAOfjAAAAAJ,Cheng Tang,4137
B7F3yt4AAAAJ,Ding Guiguang,4105
qR1zQHQAAAAJ,Song Jian,4062
JKZ1McYAAAAJ,Xue Feng,4060
PpKNQJYAAAAJ,Zhu Xiaoshan,4049
023ktacAAAAJ,Xianlai Zeng (曾现来),4048
rXMoLdwAAAAJ,Chen Hongwei,4043
qlcjuzcAAAAJ,Jianjiang Feng (冯建江),4018
xKjMFzcAAAAJ,Rufan Zhang (张如范),4012
LkF_AbYAAAAJ,Rui Jiang,3999
Q6TkqvkAAAAJ,Jun Yang,3985
X708BkIAAAAJ,Yang Liu,3966
J1UumUQAAAAJ,Xiong Zhang,3947
pgHpCMEAAAAJ,Li Li,3862
8cSV-rUAAAAJ,Pingyi Fan,3851
C0x48jcAAAAJ,Yanping (Yan-Ping) CAO,3849
T0tUjUMAAAAJ,Jinchun Chen,3844
ImhN6J8AAAAJ,Chen-Zi Zhao,3835
qskOXCsAAAAJ,Yujue Wang,3829
7cvzRTIAAAAJ,Le Yu,3759
7aA_QzkAAAAJ,Qixin Chen,3727
7DQaWJYAAAAJ,Bing Li,3713
j2AJnREAAAAJ,Yu Tian,3692
q44q6B0AAAAJ,Xiang Chen (陈翔),3692
-W5PrZsAAAAJ,jian sun,3667
uEYEo18AAAAJ,Da Yan,3630
aWZ783cAAAAJ,Changxi Yang,3620
v9FHTcQAAAAJ,Shuiqing Li,3601
PEzgoMIAAAAJ,Lin Gan  干林,3585
BjMXQRgAAAAJ,Di Long,3585
hGCD32UAAAAJ,Zhaoyin Wang,3580
zZ1QL4YAAAAJ,Yongpan Liu,3571
qfewonIAAAAJ,Zhidong Deng,3561
v836H7oAAAAJ,Woogeun Rhee,3560
zvsD7iQAAAAJ,Feng Liu,3552
aFoyewIAAAAJ,Qunyang Li,3513
SjXP_mAAAAAJ,Zeping Hu,3510
tIuwaBsAAAAJ,Jun Ni,3481
PZsXsvQAAAAJ,Fang Zhang,3416
Dur2Qc0AAAAJ,Sigang Yang,3375
mb1AIB8AAAAJ,Yanan Du,3350
ORRY7CgAAAAJ,Qianchuan Zhao,3314
JYe-E_wAAAAJ,Keyou You  游科友,3308
anlMDT8AAAAJ,Wei Li,3305
iiMwT7IAAAAJ,Simin Feng,3297
7F0RyK4AAAAJ,Xiaoyuan Zhang,3296
qiKXBFcAAAAJ,Qi LI,3296
GF54aiMAAAAJ,Qi Lu,3288
JNFueGYAAAAJ,Wei Li,3284
17hqiZ0AAAAJ,Feng JIN,3271
t4wykP8AAAAJ,Xufei Mao,3270
0cczd-0AAAAJ,Yue Peng,3244
aMdqgF8AAAAJ,Wei Chen,3228
7wkWtmwAAAAJ,Song Cen 岑松,3205
FgsMcFwAAAAJ,Gui-Li Tian,3201
Vk4r1pEAAAAJ,Qiang Yao,3189
lVhoKNcAAAAJ,Yang Liu,3187
GnU8mlsAAAAJ,Xiaoyan Li,3183
PzOx2UUAAAAJ,Xiaoying Bai,3180
xL6zuCMAAAAJ,Mingwei Xu,3165
Ju0-XIwAAAAJ,林峰，Feng Lin,3158
6HoJFCMAAAAJ,Minghua Chen,3154
AcigKwwAAAAJ,Yanbin Huang,3150
eK2YuAoAAAAJ,Qiangfeng Cliff Zhang,3145
1mDpUSgAAAAJ,Yuan Shen,3142
2BV1_aAAAAAJ,Bing-Yang Cao (曹炳阳),3134
8GVKNywAAAAJ,韩志富han zhifu,3131
PksdgoUAAAAJ,Xiaolin Hu,3106
70Fly6cAAAAJ,Ziyang Meng,3097
Xrh1OIUAAAAJ,Xiu LI,3081
QiKzMPoAAAAJ,Yonggang Meng,3076
rw7Mk4gAAAAJ,Qingbin Li (李庆斌),3071
kp2KkvkAAAAJ,Yu-Sung Su,3062
1HxBgcEAAAAJ,YIXIANG SHI,3054
Isjelx0AAAAJ,Guoping ZENG 曾国屏,3031
mT_RSGgAAAAJ,(Samuel) Qing-Shan Jia,3021
bHNScdMAAAAJ,Jianfeng Yu,3007
eKuj3fIAAAAJ,Jun Hu,3007
jX4VmJEAAAAJ,Bin Yang,2955
0DN6kKoAAAAJ,Yugong Luo,2954
86vMIpMAAAAJ,huan liu,2945
pbPRcYMAAAAJ,Lexian Yang,2938
Ho3ZGIEAAAAJ,Ning Zhang,2930
f3C0jUIAAAAJ,Wen Lijie（闻立杰）,2925
-DZeM0MAAAAJ,Wenjia Cai,2874
Bfyyx3UAAAAJ,Borong LIN (林波荣),2870
peOFy2oAAAAJ,Huaqiang Wu,2854
UE-r4yYAAAAJ,WANLI LIU,2831
FL61g6wAAAAJ,Yuantao Gu,2822
3nz8KRoAAAAJ,Zhilin Liu,2781
zMeQGdIAAAAJ,Xiao He,2779
_bAFVu8AAAAJ,Wenguo Weng,2775
H3MX_8IAAAAJ,Thomas Fang Zheng,2767
b5qfPNkAAAAJ,Shanjin Huang,2762
hbMx114AAAAJ,Haohuan Fu,2761
kmx3qJkAAAAJ,Jia Li（李佳）,2752
PS8nZbMAAAAJ,Peng Lin （P.Lin 林鹏）,2748
EUw3g6MAAAAJ,Chao Chen (陈超),2735
HupojQMAAAAJ,Steven White,2701
-_0V-skAAAAJ,Xue-Qiang Zhang,2697
9UN3Ve4AAAAJ,Fenrong Liu,2661
VccUDSgAAAAJ,Jiwu Shu,2647
1Vrz-xYAAAAJ,Yong-Bin Yan,2631
P22Re5EAAAAJ,Hongsik Jeong,2600
1DKxXhsAAAAJ,Fuqiang Tian,2595
GNDtwWQAAAAJ,Yong-Jin LIU,2588
zJrp5gEAAAAJ,hexi baoyin,2586
1aRX-0EAAAAJ,Mingpeng Yu,2586
mG5EisMAAAAJ,Peng FENG,2562
7Naj6SsAAAAJ,Yu Xia,2550
CLVnGZ4AAAAJ,Meihua Liu,2527
6jN5vScAAAAJ,Wei Xu,2495
ve1ODkYAAAAJ,Zhanli Liu,2492
FHQuDR0AAAAJ,Wang Xin,2492
g8vKr74AAAAJ,Yun He,2479
o1mDfgEAAAAJ,Yuanmu Yang,2468
-OQff8MAAAAJ,Yi Lu,2459
DO7hp4AAAAAJ,Shaoze Yan,2446
XBGQb-kAAAAJ,Yongheng Yang,2428
8w4zZSQAAAAJ,Lin Mei,2425
ICyD2NYAAAAJ,Xue Wang,2411
aS_r8f8AAAAJ,Isaac Dinaharan,2408
UyUg-isAAAAJ,Wenhua Chen,2408
qqGn5p4AAAAJ,Zhijun Zhang,2400
3gh61HQAAAAJ,Zhiqiang Niu,2396
0K0vXF4AAAAJ,Xiaoqing You,2396
o7wDT9UAAAAJ,姚强,2390
870HM4sAAAAJ,Hai Xiao (肖 海),2373
US3aLC8AAAAJ,Yan-Fu Li,2352
JMLNKnEAAAAJ,Chong Yan,2323
zX7i1EkAAAAJ,Jian Li,2293
7wCSAeoAAAAJ,Jun Yao,2287
VcOvavIAAAAJ,Bo-Quan Li,2269
VaktMqwAAAAJ,王忠静,2265
6Ki7Zl4AAAAJ,李和平,2242
cTteuQ4AAAAJ,Jinhan Mo,2222
zMd4-mkAAAAJ,zhe wang,2218
jEt8M-0AAAAJ,Xiaoqiang Tang,2185
RfLloJYAAAAJ,chen shen,2183
ogXIdlYAAAAJ,Yebin Liu,2172
DEul9G0AAAAJ,Chuangang Ning,2160
ld3axtkAAAAJ,Yongwei WU,2141
zX-ba_MAAAAJ,Luyan Sun,2140
GY65fHUAAAAJ,Qiaoran Xi,2130
ekjj9m4AAAAJ,Zhong Wang (汪忠),2128
4KkxjPkAAAAJ,Nan Li,2111
kY73FNYAAAAJ,Wen-Zheng Zhang,2068
yH9OkqYAAAAJ,Xiaomeng Huang,2064
dRlYkDIAAAAJ,Chao Chen,2063
qfaMS6EAAAAJ,Zedong zheng,2055
Fuhq1mkAAAAJ,Guijin Wang,2052
YjlJVf4AAAAJ,Hanbo Yang,2051
HRWliPUAAAAJ,"Han Hao, 郝瀚",2043
oIjjYG0AAAAJ,Xuning Feng,2037
WElRQaUAAAAJ,Jose C. Pastor-Pareja,2029
HkyLOgsAAAAJ,ZHE LI (李哲),2018
g9d_K0sAAAAJ,Longbo Huang,2011
MnLqyw8AAAAJ,Baolong Wang,2010
a9E9jsMAAAAJ,Xu Zhang,1999
tP8a-UEAAAAJ,Bichai Wang,1982
knz2JDsAAAAJ,Zhiwei Xu,1978
vg_SRIAAAAAJ,Shuming Liu,1965
jubXC_oAAAAJ,"Li, Renkai",1949
bzUAoWIAAAAJ,Dong Wang (王东),1944
a-9TTg4AAAAJ,Xudong Zhang,1944
U3PPb4EAAAAJ,He-Ping Li,1939
IKHhD4IAAAAJ,Bo Li,1935
DAx7HOQAAAAJ,Xinggang Lin,1927
r33N-kQAAAAJ,Liming HU,1921
hGfUQZYAAAAJ,Wenjian Yu,1904
m-vMDFkAAAAJ,Fan YANG (杨帆),1900
yGTOi34AAAAJ,"Haixin Duan,  段海新",1897
AyavYgYAAAAJ,Kai WANG（王凯）,1874
hjZ6R54AAAAJ,Xun Lan,1870
w4fQqqkAAAAJ,Wen-An Yong,1858
ZfipHbMAAAAJ,Hongyan Zhao,1854
xbxhxukAAAAJ,Zhizhong Li,1850
Zu_lSbAAAAAJ,Ning Ge,1849
iJD-WFUAAAAJ,Yuan Feng,1836
6vmm8M4AAAAJ,"Ming-Tian Zhang, Associate Professor",1829
YHB1nm4AAAAJ,Huimin Lei,1829
J70foBYAAAAJ,Yang Yang/杨洋,1824
mACT1EAAAAAJ,Jin Lin,1821
JcWwEqEAAAAJ,Ye Xiang,1815
93ITpK4AAAAJ,Shaojun Zhang,1806
LfJMXC4AAAAJ,Jianping Wu,1801
5FbACvMAAAAJ,changfu you,1795
nFRwU2AAAAAJ,Binhang Yan,1776
L6aejmEAAAAJ,Xuedan Zhang,1775
X0nl4FYAAAAJ,Ligong Chen,1750
nedtZssAAAAJ,M Zhao,1745
M7tkcf4AAAAJ,Qiang Song (宋蔷),1745
gmlQ0msAAAAJ,Zhibing Wang,1732
qdybErkAAAAJ,Yuting Yang,1724
uH_4hycAAAAJ,Yong-Chun Liu,1718
M4pw1wMAAAAJ,Gang Ye,1715
GaJXFWMAAAAJ,Bo Li,1688
rIaG61EAAAAJ,Re-Bing Wu,1684
0jm4Z2gAAAAJ,Kunlun Zhang,1683
MMzuceYAAAAJ,Wei Xue,1680
s5HoSlkAAAAJ,Ying Xu,1675
LOgi06kAAAAJ,Liu Le,1673
7LcGErsAAAAJ,Haiwang Zhong,1666
q2RA5HIAAAAJ,Ji-Jiang Yang,1665
x_VlptIAAAAJ,Lei Shi,1662
eV_MEVYAAAAJ,Bin Xu,1652
e4lel8QAAAAJ,Jinli Suo,1652
JzF_vo4AAAAJ,Yinhai Zhu,1648
bvBDnaIAAAAJ,Xiaoxiao Xue,1641
m95Rdz8AAAAJ,Guangxue Wu,1631
iWsEXE0AAAAJ,yuxiang xing,1621
Fks4s-wAAAAJ,Jian Yuan,1620
uw8wjCAAAAAJ,Yinji Ma,1620
Fp1tL64AAAAJ,Peng Jiang,1618
VxBX9CgAAAAJ,Sheqin Dong  董社勤,1616
wicj0A4AAAAJ,Wei Zhang,1608
SCIpKSMAAAAJ,Meng Khoon Tey,1604
Aw3GPzEAAAAJ,Haifeng Jia,1602
2Tnc4TcAAAAJ,Dengyun Zhai,1602
9fYfE0YAAAAJ,Lei TAN (谭磊),1589
DxMPT78AAAAJ,Maokun Li,1586
akREQHQAAAAJ,Jiliang Wang,1586
Aw1VKZkAAAAJ,min zhang,1563
VO510vMAAAAJ,Gang Fang (方刚),1562
_QWe3R0AAAAJ,"Lianyi He (何联毅, pronounced as ""Lien-Yi Ho"")",1559
jaQtPxIAAAAJ,Fang Yang (杨昉),1558
gsHkaDYAAAAJ,Qi Wang (王琪),1553
E8N7oPgAAAAJ,Ruina Xu,1528
W-dEtgYAAAAJ,Lei Liu,1524
1frgEwUAAAAJ,Peng Pan,1498
4_p5o1MAAAAJ,Jianshi Zhao,1489
hdXlYn4AAAAJ,Hao Zhang,1488
SbODX9YAAAAJ,Yi Liu,1487
9-dxmRsAAAAJ,Han Wang,1474
FMiooBoAAAAJ,Bo Yuan（袁博）,1469
kk2E-TQAAAAJ,Lu Yuexiang,1460
edbuKpcAAAAJ,Lu Tian,1459
nkU2xSUAAAAJ,LIBAO SHI,1453
bS9skH4AAAAJ,Xing Sheng (盛兴),1448
kf8EvjwAAAAJ,Xuefeng Wang,1447
pSUDGgoAAAAJ,Wei Wei  (魏韡),1436
-6-jrV4AAAAJ,Xi Lu,1434
wW4tkakAAAAJ,Xiaohuan Guo,1433
zZycOLEAAAAJ,Chao Jia/贾超,1432
BxTw-uMAAAAJ,Qin Gao,1419
sqlucmMAAAAJ,zhi deng,1418
2wIZO2UAAAAJ,Yunzhou Li,1416
LCGnc74AAAAJ,Qingyan XU,1407
c9MH0LgAAAAJ,Xiaolei Wang,1406
iZFf5-oAAAAJ,Haichuan Zhang,1390
YbEXCKwAAAAJ,Huan Li,1387
drb5LL8AAAAJ,Xunhua Guo,1368
i_c7vtUAAAAJ,Fang LIU,1366
fpR1O_UAAAAJ,Chenglong Bao,1363
BFmMru4AAAAJ,ZHU Xufeng,1361
7aPdTYgAAAAJ,Peng Liu,1361
PQsb1ZwAAAAJ,Wenfei Wu,1356
NoVsmbcAAAAJ,Zhenhua Li,1353
G5f0KqoAAAAJ,Guannan Geng,1353
WCVl8d8AAAAJ,Xudong Fu,1351
uqesapEAAAAJ,Huadong Meng,1341
s7JT1nIAAAAJ,Yuqi Bai,1339
2AQ0ABwAAAAJ,Lin Zhang,1337
eUUQlyAAAAAJ,Wei-Xi Huang,1333
ownuuHIAAAAJ,余锡平,1332
e31RArAAAAAJ,Fei TENG,1324
tjStbaMAAAAJ,Xinyu Gao,1322
PK8BtpwAAAAJ,Zhi Wang,1317
2CIVz6IAAAAJ,Xiping Yu,1312
F5jpsOgAAAAJ,Yanying Feng,1308
CAT470oAAAAJ,Jun Li,1306
-cOaF9QAAAAJ,Xue FENG (冯 雪),1303
ObQy8ssAAAAJ,Hui Lu,1290
DA7xJr4AAAAJ,Chih-Hao Pai,1290
Eivoa5IAAAAJ,Chenye WU,1287
qCfE--MAAAAJ,Guoqi Li,1285
YlQlMfQAAAAJ,Pengtao Huang,1284
7Z-wWMEAAAAJ,Xinjie Yu,1261
n-3doEMAAAAJ,Wenzeng Zhang,1254
tWrJgyAAAAAJ,Qiushui Chen,1248
gw4yd7oAAAAJ,Y Shao,1244
CapSVgsAAAAJ,Guanghui Yang,1243
OEexRbEAAAAJ,Bin Cao,1242
CubRmFIAAAAJ,Zhen Chen,1235
RQC6p4cAAAAJ,Pilong Li,1235
PNMUgAoAAAAJ,Yuchen Guo,1230
3M5LZuoAAAAJ,Ma Xiaoxiao,1227
6DK9cqAAAAAJ,Zhigong Song,1223
-2FoDHkAAAAJ,Wei Zhang(张帏),1220
lBHJiqUAAAAJ,Cunjing Lv,1216
pErJ7lIAAAAJ,Shimin Fu,1214
aeWqHMwAAAAJ,FANG HE （何方）,1209
jccAay8AAAAJ,Xueqing Li,1204
FCr0DWcAAAAJ,Mircea Trif,1197
NyOMGTgAAAAJ,Wei Li,1188
ZTFsZTMAAAAJ,Yi Jiang,1188
anGaUZEAAAAJ,John Steinberger,1177
SYKCmqsAAAAJ,Jinping Tian,1169
ryuFPdYAAAAJ,陶慕轩 Tao Mu-Xuan,1166
koAXTXgAAAAJ,Shu-Tao Xia,1161
dnREbsoAAAAJ,Xiaowei Zeng,1156
AqaU_ogAAAAJ,Xiao Ma,1151
KHLMd4wAAAAJ,Xiaosheng Xiao,1141
27OzZrAAAAAJ,Ben Xu,1140
4cUP2_kAAAAJ,Zhongyi Huang,1138
I5kGk98AAAAJ,Ming Liang,1137
K0HYh-IAAAAJ,Yixin Dai,1135
TD1rVOAAAAAJ,Chao Lu,1131
n0NwuegAAAAJ,Hailong Yao,1125
7Jh-ZpgAAAAJ,Chunlai Chen,1113
hos2emIAAAAJ,Shaojie Zhou,1109
eRar-UYAAAAJ,刘连臣,1104
xRtRWsoAAAAJ,Hongzhi Zhong,1103
xgb3JV4AAAAJ,"Xu, Yong (徐勇)",1099
A1gA9XIAAAAJ,Jiansheng Chen,1091
aG7XxSoAAAAJ,Laijun Chen,1090
ZNv_xnAAAAAJ,Qianwen Sun,1087
xHFga2sAAAAJ,Qiang Wei,1078
jJZaQRsAAAAJ,Zhijie Lin,1078
AF7gg44AAAAJ,Renrong Liang,1077
6glny9oAAAAJ,Fubin Yang,1070
JKSlGMkAAAAJ,Ying Chen,1067
YnAqIUsAAAAJ,Jianbin Du,1067
-uyMB20AAAAJ,Dameng Liu,1060
UOQS1JIAAAAJ,gong shengping,1056
36TApxgAAAAJ,Jing Xu,1044
9O_TVKkAAAAJ,Jin Gu,1043
hp7FLaIAAAAJ,Kewu Peng,1040
uUZEL7UAAAAJ,Yifan Sun,1038
TK0QI-sAAAAJ,Linhan Lin,1028
_Zhd1YwAAAAJ,Yang CHEN,1025
VnvNBgoAAAAJ,Zhenyu Liu,1024
0qxCVx8AAAAJ,Zuoqiang Shi,1023
4c8p14gAAAAJ,Xiaodong Ji,1019
ejUkGBMAAAAJ,Yuelu Jiang,1003
8JTEticAAAAJ,Ruobing Zhang,999
zho5ASEAAAAJ,Xing Fu,995
UbMrd-oAAAAJ,Xinzheng Shi,993
P0Rf1XUAAAAJ,Hong Ma,993
Ah60HpcAAAAJ,Ke Rong 戎 珂,991
bbfPW_cAAAAJ,胡振中(Zhenzhong Hu),986
K-gBsQEAAAAJ,Zhu Cao,986
qPKGoVkAAAAJ,Weilin Zhuge,981
ruUJphwAAAAJ,Freddy Hongyan FU,974
yNyF42wAAAAJ,Xiaoang Wan,973
ipYAetUAAAAJ,Daixin Wang,968
5QBIF2gAAAAJ,"Dr. Hao Chen, Associate Professor",954
C1YeBLMAAAAJ,Lu FANG,954
dxN1_X0AAAAJ,Hang Su,953
gvOCy_oAAAAJ,Qiang Han,948
_MNaBVEAAAAJ,Da Zhang,940
MA6P5pcAAAAJ,Jiecheng Cui,935
XGkyy0sAAAAJ,xuemin zhang,934
P-tpZsAAAAAJ,Bing XIONG,933
EcXoM4UAAAAJ,Jintao Liu,933
qbbaxLoAAAAJ,Qianxin Zhang,933
ZVnxsZAAAAAJ,岳东北 Dongbei Yue,929
4G3_NogAAAAJ,Yuxiang Mo,928
crEKtQYAAAAJ,Nan Zhang 张楠,923
dVVA2N0AAAAJ,Hao Zhang (张浩）,916
85s8Q9UAAAAJ,Hao Wu,915
cSxeVz0AAAAJ,Ning Chen,913
XAju7wYAAAAJ,老师 窦,912
fPlv5fYAAAAJ,Dong E. Liu,910
_f6aQBUAAAAJ,Bo Pang,907
iuhAibwAAAAJ,Yu-Xin Ren,906
KHBw0QoAAAAJ,Yong Zhang,906
rzIeg8QAAAAJ,NAN HUA,899
MYeb-8EAAAAJ,Guoqiang Tang,892
jV8MLKsAAAAJ,Honghui He,890
NBE-EegAAAAJ,Liang Ma,888
dJaWb0EAAAAJ,Xiaohang FENG,880
3ivPELMAAAAJ,David O'Connor,880
kj6PwUIAAAAJ,"Ma, Cheng",876
DiFBt3cAAAAJ,Kaiyu Cui,865
P4MBKSkAAAAJ,kenan zhang,851
YreXlgsAAAAJ,Chao Zhang,849
nPZo-egAAAAJ,Yongbo Xiao,849
i4OCGX4AAAAJ,Jiaxin Hu,848
Vo4ZHu0AAAAJ,Yu-Shen Liu (刘玉身),847
9Xd6K6QAAAAJ,Zhe Dong,844
ZWEasbEAAAAJ,Youyou Lu,840
NsH6CKEAAAAJ,Hongsheng Zhao,838
KAcxXIIAAAAJ,Meng Li,832
OlLjVUcAAAAJ,Cheng Yang,830
7Xl6KdkAAAAJ,Zhiyong WU (吴志勇),825
kh6S4hIAAAAJ,Kaibo Wang,818
3EjYat0AAAAJ,Jinjin Li,818
_jJ9W3EAAAAJ,Yulin Zhang,818
W2XJUmUAAAAJ,Kun Xu,811
1V8LxbYAAAAJ,Ji Wu,811
dMKmS_gAAAAJ,Tao CHEN,811
kIbWTUMAAAAJ,Mingchao Zhang,807
hlAC8kQAAAAJ,Wenlong Wang,801
ICyjWJoAAAAJ,Zhen Chen,800
6d5JBO8AAAAJ,Kaiyuan Guo,799
NcCy2wMAAAAJ,Remy Mevel,799
yywBaUoAAAAJ,Zechao Zhuang,797
jW6i4VAAAAAJ,Xiao Liu,782
8iga6g0AAAAJ,Zhi-Hai Zhang,776
TP5iZWIAAAAJ,Yanfei Li 李雁飞,776
zkxKXxYAAAAJ,Zhihong Zhao,775
3Q2Ky1EAAAAJ,Xiaoming Tao,773
9BioD-kAAAAJ,LinLing Kuang,771
0br7eIsAAAAJ,Hongxu Qi,770
KRughd8AAAAJ,Zhongwu Zhai,766
hAkSR2wAAAAJ,Jin-Cheng Liu(刘锦程),763
sf3o0IEAAAAJ,Hongyun Zhang,762
y3fz8SMAAAAJ,Liping Zhang,761
AP_75akAAAAJ,Lifeng Han,754
NIO48nIAAAAJ,Xiaoming Zheng,754
6_4ad84AAAAJ,Yinpeng Dong,754
5AJPdKsAAAAJ,Yu Jiang,749
XOm9TKkAAAAJ,Haibo Min(闵海波),748
3SjbBlIAAAAJ,Cunchao Tu,746
1bGE6doAAAAJ,"Qin, Zhaoye 秦朝烨",739
7LwMFFAAAAAJ,Chun Yu,737
oz1ZNQMAAAAJ,Hao Ma (马豪）,737
QKupdYQAAAAJ,Wei-Qiang Zhang (张卫强),734
fbP7hkgAAAAJ,Gemeng Liang,731
WISfoo8AAAAJ,Chao Liu,726
QXsVToIAAAAJ,HUI WANG  (王辉),725
EQVpoQUAAAAJ,"Hanqiu Zheng, Ph.D.",720
Z9hIhiEAAAAJ,Xing Lin,719
m3WemUAAAAAJ,Yahui Liu (刘亚辉),717
GgthKzgAAAAJ,Kun Chen,717
e3kXnlEAAAAJ,Huijun Chen,715
2fiuHEsAAAAJ,Ming Ma,714
SCHha3gAAAAJ,Weijun Yu,714
YgM30QQAAAAJ,Yongqiang Lyu,714
Vm8bStkAAAAJ,Jiantao Qiu,712
lgL8mKUAAAAJ,Huichan Zhao,711
zc4KFHoAAAAJ,Fengtian Han,704
D-lKLcMAAAAJ,Qiang Liu,698
QgdaQZIAAAAJ,Hui Zheng,697
Exlf7uIAAAAJ,Zhihua Zhao,694
dhvCyyEAAAAJ,Quanyin Tan,687
bWE6lXUAAAAJ,Fanghua Jiang,686
RX_YGBEAAAAJ,Ping Xue,681
38wmhpcAAAAJ,Shuyi Zhang 张数一,681
IDkq388AAAAJ,Timing QU,681
AWtV-EQAAAAJ,Song-Hai Zhang,680
jU8fda8AAAAJ,Zhe Wei,675
wsdfY3YAAAAJ,Chao SHANG / 尚超,674
pPO76tgAAAAJ,Huaizong Shen,672
hqi6fKgAAAAJ,Zhen Zhang,670
jMKyKe8AAAAJ,Tie-Fu Li,668
4OkgZw0AAAAJ,Qibing Li,657
_mBdZBMAAAAJ,Jidong Zhai,655
0J8KOnMAAAAJ,Yanan Yin,652
6EIX-JQAAAAJ,"LI, Xiang(李翔)",650
EFDc_XwAAAAJ,Chijie Zhuang,648
v_HF3TgAAAAJ,Liu Xujie,646
pFbmrrYAAAAJ,Yali Si,645
Y4hooi4AAAAJ,peng wang,644
GMDTuY4AAAAJ,Xuejing Chen,643
6Ux7TBIAAAAJ,Chuang Liu,641
0AfIHo4AAAAJ,Panpan Zhang,637
Wx-JtQcAAAAJ,Jinlei Jiang,636
xLQ7Jm8AAAAJ,Ying Qiu,634
FclwtGsAAAAJ,Jing Wang,632
XebBK7wAAAAJ,XL Zheng,629
aO0LppMAAAAJ,Guozhong Wu,622
tMGHRVoAAAAJ,Rak-Kyeong Seong,621
o7AFnlUAAAAJ,Bin Wang,620
Zz7trZIAAAAJ,Rizwan Ur Rehman Sagar,617
mG2SEhUAAAAJ,"LI, Shangyuan",616
STxUGcMAAAAJ,Wenlan Chen,614
dYyp0PgAAAAJ,Dan Zhang,613
968KA9cAAAAJ,Mingyu Gao,612
AUXZUbcAAAAJ,Ya-Long Cui,604
MlW-giYAAAAJ,许江 Jiang Xu,604
p6ZeNj8AAAAJ,Zhang Bingjie,603
gpHfq7QAAAAJ,Ye Zhang,601
f4m75noAAAAJ,Jisong Zhang （张吉松）,598
mpGKY04AAAAJ,Mashooq Khan,597
F8Tr8aQAAAAJ,Prof. Zhen Zhang,596
LjxqXycAAAAJ,Chongjie zhang,593
guIXTZEAAAAJ,Jianguo Zhou,588
hLOie4cAAAAJ,Lihao Zhao,587
llzkA1YAAAAJ,Ma Weigang,580
UQuEkmAAAAAJ,Zhuo Chen,579
CQAL8REAAAAJ,yuning gao,575
3NV2jq4AAAAJ,Qiang Ding,575
D9Tzw8AAAAAJ,Wang Haidong,575
ZP-sYKQAAAAJ,Yi Zhu,572
4gI2kWIAAAAJ,Yi Shan,571
Q54y2PQAAAAJ,Xiao-Ru Chen (陈筱薷),571
lMbzJd8AAAAJ,Yang Wenjuan,571
SvUKtCYAAAAJ,Zixiong Peng,568
NhYav5cAAAAJ,Tianguang Meng,568
OqNQnTkAAAAJ,Feng Xu,567
6tqP7wYAAAAJ,Tianyu Qi,563
ZObQdFcAAAAJ,Yi Zhang,562
kuFJzzQAAAAJ,Syed Abdul Rehman Khan,561
Ie54tKgAAAAJ,Qianli Huang,554
otyvO5AAAAAJ,Milin ZHANG,553
yLcFbx8AAAAJ,Mingxing SUN,553
Bky73mcAAAAJ,Xin Shen,551
yjH73PQAAAAJ,Tracy Xiao Liu,544
7cN7fgIAAAAJ,Yingxin Wang,544
uagpkJgAAAAJ,Haidong Tang,543
rWO9cXgAAAAJ,Fangzhou Liao,542
JOl6xOoAAAAJ,Hewei Gao,538
AGPs94kAAAAJ,Wei Yujun,536
p001hsIAAAAJ,Sai Li,536
c32E_h4AAAAJ,Jingjing Wang,533
wYDbtFsAAAAJ,Tianyu Pang,533
-jTMr4AAAAAJ,nianlong luo,531
OCauNHUAAAAJ,Di GUO,530
uzCwcCYAAAAJ,Ye Zuochang,524
CQC0pQIAAAAJ,Gang Ou,521
AA7wK1oAAAAJ,Ling Ye,521
w-ez8LMAAAAJ,Jie Xu,517
Lks7MHEAAAAJ,Qiang Zhou,515
pMLYrQwAAAAJ,Ningqin Deng,515
x1g1aoQAAAAJ,Chun Yang,514
V7M98KwAAAAJ,Lingwei Ma,514
pK0XsikAAAAJ,Yang Xiaokui,513
2PrBT18AAAAJ,Dingshun Lv,510
uzHW_XgAAAAJ,Hongbo Gao,504
wpAwnPcAAAAJ,Wenyu Huang (黄文誉),503
me7m3bUAAAAJ,Zhao Liu,503
bXd5pGYAAAAJ,Tianyu Ma,502
dIwnGvcAAAAJ,Fanghua Xu,502
AnrzkUUAAAAJ,Ziwei Zhang,501
7Gqp6FsAAAAJ,Yequan Wang 王业全,501
gcsPL70AAAAJ,Wang Tianyang,501
lCZ5aF8AAAAJ,Hongyi Zhou,501
byD4iM8AAAAJ,Jizhen LI,499
ayINCRgAAAAJ,Grace Xing Hu,496
g1OhHFAAAAAJ,Xinghua Yu,487
0g-LwTUAAAAJ,Mauricio Romo,486
7oFYUq0AAAAJ,Pingke Li,485
lRjPwuIAAAAJ,Wei Haoyun,485
3rlMzwYAAAAJ,Jiezhong Qiu,483
Okuu6OAAAAAJ,Jie Zeng,483
E1abJLQAAAAJ,Ran Duan,482
gXrl5_oAAAAJ,苏瑞意/Su Ruiyi,480
DoDIBGEAAAAJ,Zhenhai Du,480
8uau9FQAAAAJ,Ruifeng Yao,476
lWBvVmEAAAAJ,Cong-Qiao Xu,471
2Xy6m3MAAAAJ,Feng Cheng,470
g9N87v8AAAAJ,Han Zandong,469
922W6ZEAAAAJ,Peng Zhou,466
H4XP-LcAAAAJ,Xudong Zhu,465
LwjtxmYAAAAJ,Zhe Yin,464
NZxNy90AAAAJ,Wenjia Jing,459
RfUCthQAAAAJ,Ye Yuan,459
ZvTO3c0AAAAJ,Jianwen Pan,458
k1DPv5YAAAAJ,Abdul Raheem,455
jaOJ95QAAAAJ,Keliang Wang,455
eMvnFUcAAAAJ,Tao Zhang,449
k4fyn9MAAAAJ,Li Liu,449
s1soaCsAAAAJ,Xin PEI,445
Q3N11rUAAAAJ,Pengcheng Chen,444
f4ELYWEAAAAJ,Sheng Yu,444
ZpJMLRgAAAAJ,Pengju Ji,443
6ReKdEEAAAAJ,Yue Qin,441
zFvBqnEAAAAJ,Weidong Sun,441
-lagl5kAAAAJ,Bohan Yang (杨博翰),438
GVc_FiYAAAAJ,Xiaowei Li,438
K6ZQ3BcAAAAJ,Dejun Zhu (朱德军),437
UJrlw1cAAAAJ,Fengli Xu,437
7d2DNosAAAAJ,Qirong Xiao,436
3rxoDYcAAAAJ,Fei Qiao 乔飞,434
JpPIMa0AAAAJ,Wenhao Zhang,433
UKMcQn4AAAAJ,Chongxuan Li,433
Pxsb3AoAAAAJ,Huanglong Li,429
HgWUGu0AAAAJ,Yu Zhou,426
YfnJa6EAAAAJ,Qianwen Chen,425
oHSjwDgAAAAJ,Lin Gan,425
YpMw-n8AAAAJ,YAN TANG,425
2RhGDwIAAAAJ,Xiaobin He,423
wwFyowoAAAAJ,Hao Sun,416
qWkjmiQAAAAJ,Yilin Sun,414
asGD5xgAAAAJ,林佳瑞 (Jia-Rui LIN),413
LCSVtqEAAAAJ,Haiyan Ding,411
TCiIBbgAAAAJ,Yi Wang,411
GebS0MEAAAAJ,Xibin Han,409
mGopIBcAAAAJ,Hai Jiang,409
PnDSQSIAAAAJ,Lu Zhang,408
zpKXOGgAAAAJ,Zehui Li,408
-b3-82MAAAAJ,Shaopeng Chi,408
9UcfhacAAAAJ,Min Ouyang,404
7bqKqFkAAAAJ,Zhonghua Zhang,403
WxrANb8AAAAJ,YINAN CUI,403
2qnjFUUAAAAJ,Shiming Xu,403
13xxIrMAAAAJ,he lingbing,402
droVBYYAAAAJ,Suhui Li,400
7dVrJYsAAAAJ,Gaoqiang Chen (陈高强),399
iwd8OakAAAAJ,Yan Wang,399
AAYXzdMAAAAJ,王汉宁,396
HX660Z8AAAAJ,安浩然,395
uMWPDboAAAAJ,Yisen Wang,391
VBI7W9UAAAAJ,Mingyao Qi,389
I3KM8TwAAAAJ,Shaowei Huang,388
SlZ1VaoAAAAJ,Sai Chen,386
yL-K9bQAAAAJ,Guanzhi Cheng (程冠之),386
lILZwpYAAAAJ,Weiye Zheng,385
G_kt44cAAAAJ,Yi Li,380
EB9qJHkAAAAJ,Alexander White,378
CTmy6MEAAAAJ,Yu Jiang,378
MuyGv-cAAAAJ,Xuanliang Zhao,375
nD09I0AAAAAJ,Yiyang Zhang,374
zq3fhFwAAAAJ,Yujia Zhong,373
PNbioq0AAAAJ,Huandong Wang,372
FK4c5SEAAAAJ,Yabin Liu (刘亚斌),372
KzNfB0gAAAAJ,Zhufeng Shao,369
Ymxa2NkDPvoC,Chunsheng Jiang（蒋春生）,369
-Yonf1MAAAAJ,Xiaowei Zhu,368
OTXEK8gAAAAJ,Xinwei Shen，沈欣炜,367
3Ql4LUwAAAAJ,Pingping Lin,366
4XqCPU0AAAAJ,Lei Zhao,362
ayX_-lwAAAAJ,Jingwei Yang,361
fcLOhBoAAAAJ,Jessie Hui Wang,359
haX-6TUAAAAJ,Xiaoyu ZHANG,357
CQ-3d8oAAAAJ,Jin Shang,356
UBnJCxoAAAAJ,HoT Ng,356
eE4cmVoAAAAJ,chuang zhang,356
CcgXjlQAAAAJ,Mehran Mazandarani,353
_M-pKP0AAAAJ,Shaojie Zhou，周绍杰,353
rvhvnzwAAAAJ,Xiaole Zhang,351
44nJbB0AAAAJ,Yu Zhang,346
IgxOSl0AAAAJ,Xiaoxu Yan,345
7f-n_k4AAAAJ,Deshan Meng,344
Pjw8eMoAAAAJ,Xinchun Chen,344
KxjcjyoAAAAJ,Rui Wang,343
pmp2SYAAAAAJ,Ming Fu(付明),343
u-UvaIAAAAAJ,Mahdi Seyedsalehi,343
p5cJXEEAAAAJ,Fuqiang Chu,342
TB_4kdMAAAAJ,Yu Zhang,339
w4XR4V8AAAAJ,yigang yang，杨祎罡,337
pBmV6wEAAAAJ,Pengpeng Bai,337
2os-k00AAAAJ,Geng Deng,337
XvgI_1IAAAAJ,Yao Lu,337
j02peYoAAAAJ,liang li,336
u53M7WsAAAAJ,Chen Wang,334
fmmLFTUAAAAJ,Jianxiao Wang,334
UjbCk18AAAAJ,Fujian Xu,332
2FAOHvYAAAAJ,LAN Yuxin,332
V7HQTEQAAAAJ,Dong Li,329
4vqto1oAAAAJ,Bofeng Liu,329
clrNNb4AAAAJ,Genquan Duan,328
hetLRWMAAAAJ,Jing Miao,327
5V4lyLoAAAAJ,Dongbin Wang,327
ftM_0xgAAAAJ,Zhenyi Ju,327
gs9KlewAAAAJ,zhonghui shen,327
RPU1iMgAAAAJ,Xu Cong,326
KgqJs0MAAAAJ,Le-Hua Liu 刘乐华,325
1ospAw4AAAAJ,Xin Gan,323
cdwyg84AAAAJ,Giovanni Cagnetta,323
PI1osbEAAAAJ,Sun Taoxiang,323
s1b_k30AAAAJ,Ying Zhang,322
k9YqeI0AAAAJ,Zunyan Hu,320
RSV-qAoAAAAJ,Lin Xie,319
GdYJli0AAAAJ,Jianwei Zhang,318
lHZR3mYAAAAJ,Lantian Li,315
bV9K8kYAAAAJ,Weikun Xia,315
vvaYF44AAAAJ,Abdul Basit Dogar,313
q3WaozcAAAAJ,Hao Zhou,313
AGOCWfQAAAAJ,Li Huang,313
hYaMuf4AAAAJ,Wenqiang Zhang,312
KfMzwpEAAAAJ,Bo Yan,309
wNTSVu8AAAAJ,Quan Yuan,307
9Ck-3ZAAAAAJ,Xiangyu Li,306
v2hr6dMAAAAJ,Dongsheng Ren,304
fpd1N-8AAAAJ,Du Yongchang,303
dCXTSA8AAAAJ,Linglong Li,302
8tTgkZkAAAAJ,Mengxing Sun,302
dgeikT8AAAAJ,Zhigang Wang,301
y8rinOwAAAAJ,Yu Bai,299
dGPF1b0AAAAJ,ciqi mei,299
PE_XktAAAAAJ,Yongzheng Wen,299
EmpggwYAAAAJ,Min Hang,299
DW8CcbYAAAAJ,Fangping Zhuo,298
R-E3V6wAAAAJ,Yufei Zhang,297
OY5cTRcAAAAJ,Qiang Liu (刘强),296
_JxO6EwAAAAJ,Jun Du,295
NdH5NhoAAAAJ,Chunyu Sun,295
GCLsFSIAAAAJ,Hui Cao,293
y5h2k84AAAAJ,Yuchao Hua,293
HG1aV-oAAAAJ,Kate Smith,290
X6Xv-oAAAAAJ,Yiming Hu,290
kGCLjRQAAAAJ,Yaxin Huang(黄亚鑫),290
0Q7pN4cAAAAJ,Xinyu Zhang,290
8cdhbPoAAAAJ,Zhenbo Wang,289
-DTSAm0AAAAJ,Yihao Chen,289
9SZrOokAAAAJ,jia jia,288
uXp0uYQAAAAJ,Xukun Lu (卢绪坤),288
kHpwoAUAAAAJ,Yuntao Wang,286
TKod4ggAAAAJ,Qiang Li,285
akQ4TOYAAAAJ,Mingxing Zhang (章明星),285
gq138e4AAAAJ,Liang HE,283
JIIs1-8AAAAJ,Jia Lu,283
LETOZHoAAAAJ,Jidong Chen,283
hDTO5rIAAAAJ,Ting Sun,282
VmOvhisAAAAJ,Bin Wu,282
dZCwjiMAAAAJ,xinhe wang,281
eX6pe7AAAAAJ,Li-guo Zhang,280
_dV_jnkAAAAJ,Jun Cai,279
nq36BigAAAAJ,Yanfeng Gao,277
DkjJWlIAAAAJ,Wensheng Xie,277
iTywtkcAAAAJ,陈博 施,276
PfCy5rIAAAAJ,Si-Wei Zhang,276
uTnP9v0AAAAJ,Fei He,275
DOy_fAMAAAAJ,Qiaolei C. Jiang （蒋俏蕾）,275
gdYwis8AAAAJ,Yangyang Fu（付洋洋）,273
aR1ODGYAAAAJ,Jiaqiang Liu,273
p_z_YvMAAAAJ,Adeela Nairan,273
Q9lvhmsAAAAJ,Jie Heng,272
85wmHqMAAAAJ,Zi-Long Zhao (赵子龙),271
1mQn9IsAAAAJ,Shihan Xiao,270
mA-Ar1wAAAAJ,Wenjie JI (纪文杰),269
vt1nGjgAAAAJ,Kunjin Chen,268
35rW89IAAAAJ,Haixiang Gao,267
OdNOaIEAAAAJ,Qiang Tang 唐强,267
GDz5i6oAAAAJ,Haikun Jia,267
4fZbnOAAAAAJ,Baozheng Jiang (姜宝正),265
Zmh_8FEAAAAJ,Zhongying Han,265
PDE_F8YAAAAJ,Zhi Liu,264
ZMIAsdwAAAAJ,Zhen Wu,262
49WD6DcAAAAJ,Liu Hong,261
7qMS2WkAAAAJ,Pengfei Ma,261
GBTT0acAAAAJ,Yongzhuo Li,260
ff7TNtUAAAAJ,Feng Xie,259
zPZDLkgAAAAJ,Kaiwei  Li,259
WfQHjZMAAAAJ,SIXIONG YOU,256
DzY4PnoAAAAJ,Wenbao Liu,256
hHmCEeAAAAAJ,Yongsan Li,256
rd8ph9IAAAAJ,Han Liu,255
xKb1qAcAAAAJ,Chao-Yo Cheng,254
bGjgmJEAAAAJ,Siqi Hong,254
YPOBHYUAAAAJ,Xin Wang,254
4Z5PWEEAAAAJ,Jiamin Wu,253
aclQAtAAAAAJ,Rong Gao,251
DioaFiEAAAAJ,Hao Ge (葛昊),250
VpSZ_7sAAAAJ,Tianyao Huang,249
E1ouSngAAAAJ,Yutao Zhang,249
kSEgWn8AAAAJ,Lingyun Qiu,249
xedGxfAAAAAJ,Jintao Chang,248
wx0r-wcAAAAJ,Danna Shan,248
K3QcyGsAAAAJ,Xiangying Ji,248
IG6qJ-gAAAAJ,Fang Yuan,247
fYSySf8AAAAJ,Hao Wu,246
MtcnRZwAAAAJ,Feng Feng,246
5m5qVKsAAAAJ,Shi-Sheng Huang,246
ZXvNtoIAAAAJ,Wang Xilin,245
ZyLIH4cAAAAJ,Longzhuang He,245
QOp7xW0AAAAJ,Chao Du,245
OpohSwEAAAAJ,Siyue GUO,245
IvsMe-gAAAAJ,Wu Hao,244
p5oLu_4AAAAJ,Muhammad waqas,244
kz2T3P0AAAAJ,R Fu,244
YFx9ud0AAAAJ,Wei Wang,243
S3LBk0YAAAAJ,RU Peng,243
ub2VdLAAAAAJ,Hosein Ghaedi,243
E2Yv1YcAAAAJ,Zhen Li,241
ebG93rYAAAAJ,Will Donovan,240
bYXLN14AAAAJ,Deren Xie,240
_PSdB2gAAAAJ,Junming Zhu,239
c34SGBcAAAAJ,Tianyang Zhang,238
C19y5BUAAAAJ,Yu Zhou,237
EYhwV0UAAAAJ,Lin Song,235
wO0tBbYAAAAJ,Yuqing Wang,235
KevJF0IAAAAJ,Jieliang Zhao,234
ai0EWl8AAAAJ,Fei Song,232
aDf9fpkAAAAJ,Xiaoke Jiang,231
Isg6gX0AAAAJ,Xiang Wang,231
M5VB7pUAAAAJ,Zhibo Wang,231
R6Rnh9IAAAAJ,Weijia Li,231
CPaPF7MAAAAJ,Hao-Cheng Thong,230
QOeiTb4AAAAJ,Heng Su,229
3qO6gK4AAAAJ,Yongming Rao,228
37OXrzoAAAAJ,Jawayria Mujtaba,227
utGPb5EAAAAJ,Zhuo Chen,226
Rn8HxfAAAAAJ,Yangchao Shen,225
B7cDVuQAAAAJ,Babak Safaei,224
CZ7ne9YAAAAJ,Meng Chen,224
GJ0K8HEAAAAJ,Zhengyan Zhang,223
bdyFV-QAAAAJ,Dianzheng Wang,222
lu7W61QAAAAJ,Jingtan Su,221
EIR-LxwAAAAJ,Bin Dang,221
Z_rm7dcAAAAJ,Wenqian Shen,220
Qqy4JoYAAAAJ,Ping SU,220
yv3ip4wAAAAJ,Chun-Sheng Liang,219
IVGALbAAAAAJ,Zhiwen Wang（王志文）,219
IqP45nMAAAAJ,Jia Cheng,218
SsC_7gYAAAAJ,Yao Chang,217
YforB6oAAAAJ,Xiaolong Bai,217
RlsZ8PYAAAAJ,Sihao Zhao,216
C8bGfr0AAAAJ,Yunbo Wang,216
OE95EKYAAAAJ,CHAO LI,214
xxYiqkIAAAAJ,Xu Wang,214
Vk7_r_EAAAAJ,Jingchun Cheng,214
XpGnNI8AAAAJ,Xiaolei Xie,213
fviMsUsAAAAJ,Chunmei Gu,213
Lq_D9AsAAAAJ,Ruyuan Deng,212
lO-GhbQAAAAJ,Runpeng Cui,212
yvRM2XcAAAAJ,Yichi Zhang,211
aHTARiQAAAAJ,Yan Li,211
0oIV-i8AAAAJ,Xue Qiao,211
0ccuOcMAAAAJ,Haibo Wang,210
Ig1btCwAAAAJ,Chen Tianyuan,210
Y4JqNV4AAAAJ,Xiaoyang Dong,210
YrTirg0AAAAJ,Xiaoqing Xu,209
th0nmtAAAAAJ,Dongsheng Yin,209
ZWQgC7UAAAAJ,Qi Ou,209
b9J46mcAAAAJ,Qingxin Ken Wang,209
vHr9AIMAAAAJ,Wengang Zhang,207
AK8bpscAAAAJ,Yichen Zong,205
h3ze2-EAAAAJ,JIA DAI,205
ADiWJOAAAAAJ,Liangyi Gong | 宫良一,205
XLKy4OkAAAAJ,Heng Yang,205
pojfF64AAAAJ,Han Wang,204
8tkFKW8AAAAJ,Arun  Krishna Vuppaladadiyam,204
DD45dXUAAAAJ,Tao Jin,203
VPrnkF8AAAAJ,Yucheng Hu (胡煜成),202
gz3Tkl0AAAAJ,Guohao Dai,202
K8VPxLwAAAAJ,Tianmin Wang（王天民）,201
ypPrTq8AAAAJ,Han Wang,200
mkqZF5cAAAAJ,Yixin Zheng,200
eC9twrUAAAAJ,Fang Su,200
dS8IyeIAAAAJ,Wei Cao,199
iFZKyIYAAAAJ,Hongjie Wen,199
ob7y2fUAAAAJ,Qiang Wen,199
5spe3HsAAAAJ,tianhu deng,198
rlqm5ugAAAAJ,Hehe Li,197
rmGuMSkAAAAJ,fan xu,196
mntnSq4AAAAJ,Yu-Xing Yao (姚雨星),196
8wsZC_cAAAAJ,Shuai Zong,196
qJn9iZ8AAAAJ,SUN Hao,195
tEv5h4MAAAAJ,Qie Liu,195
k91QfXsAAAAJ,Cheng Luo,195
nG8FQzkAAAAJ,ran ding,195
13960UgAAAAJ,Feng XU,194
6TFij0wAAAAJ,Bin Wang,194
x-1tPgMAAAAJ,Hao YAN,194
cbeWrcYAAAAJ,Jie Zheng,193
rH0hRIcAAAAJ,Zeqi Lai,193
-lw0UPkAAAAJ,Yujie Wu,193
rxmCzYIAAAAJ,Tian Bian,193
Qvu75NoAAAAJ,Zhengyu Chu,192
QIqO3JEAAAAJ,Tao Xue,192
XsolfbIAAAAJ,Hao Yin,192
rMDMb60AAAAJ,Jun Zhang,191
NKKOtJcAAAAJ,Wen Song,191
3u5lcj0AAAAJ,Hanchen Jiang,191
5NKbaw4AAAAJ,Jun Zhang,190
gfl-HVYAAAAJ,Kun Xu,190
4rxnYrgAAAAJ,Xian Tang（唐仙）,189
GzjcS2AAAAAJ,Ying Wang (orcid.org/0000-0002-5778-0306),188
RnIBjYsAAAAJ,Sun Xuefeng,187
46B6SA8AAAAJ,Ni Xu,187
YnIq4hsAAAAJ,Lei Hou (侯磊),187
7Uy9RVYAAAAJ,Xin Yi,186
Zwy0wCMAAAAJ,Huarong Gu,185
muev32EAAAAJ,Zhigang Yuan,184
ShJdynMAAAAJ,You Wang,183
AaqB_F4AAAAJ,Zhanpeng Fang,183
FAB4JCEAAAAJ,王程韡 (Chadwick WANG),183
lsWUU0IAAAAJ,Xiaodan Tan,183
qHG9jEAAAAAJ,Wang Fei,182
2AdxzLAAAAAJ,Xu Liu,182
4eq1UVYAAAAJ,Zhaojian Wang （王召健）,182
HHE7AhYAAAAJ,Zohaib Ur rehman Afridi,181
2VYzPiYAAAAJ,Shuping Jiao,180
GnUKO60AAAAJ,Shuhua Zhang,179
dn-g4IYAAAAJ,Jianwei Zhao,179
_fS4qHwAAAAJ,Bin Xu,178
6538gy0AAAAJ,Qidong Yin,178
jOO_deIAAAAJ,Yuanhang Dai,177
SbZ3pK0AAAAJ,Jiaxun Lu,177
-sdzd9EAAAAJ,Linyun Yu,176
4zhDRmsAAAAJ,Caiwu Liang,176
twmb6KIAAAAJ,Chen Sun,175
mrunnpoAAAAJ,Jian Liang,175
pZH7zLwAAAAJ,hanzhong liu,175
3Yfwa8UAAAAJ,Kang Zhang,174
DHuFI2sAAAAJ,尹玄武(Xuanwu Yin),173
x_or4AMAAAAJ,Hongchen Yu,173
Muzi3OQAAAAJ,S. Mostafa Moosania,173
Uh43Ea8AAAAJ,Haitong Yu,172
a-slIQYAAAAJ,Peng-an Zong,172
ZahQLdQAAAAJ,Lei Jiang,171
yVZUzbIAAAAJ,Yin Wang,170
kBc-zJYAAAAJ,Yongqiang Qin,170
lxRDdHkAAAAJ,Yangying Zhao,169
2oDaysYAAAAJ,Wei Rao,168
IWlL4RUAAAAJ,Lu Zheng,168
3GngwwkAAAAJ,shang zhang,168
ew1OXVgAAAAJ,Yue Shao (邵越),168
OejqtPoAAAAJ,Bo Gao,167
5YtGSHgAAAAJ,Shahzad Salam,167
Pn_CKDsAAAAJ,Shulei Zhang,167
LAsjOHsAAAAJ,Chenhui Lin (蔺晨晖),167
vPOeQe8AAAAJ,Min Zhou,166
36guAMsAAAAJ,Yao Chu,166
rz4rOSMAAAAJ,Xu Han,165
ccbVz2MAAAAJ,Chenchen Deng,165
cD81InsAAAAJ,Zhongyi Pei,165
lhyWbNwAAAAJ,Jingwen Yu,164
qToK8R0AAAAJ,Yuming Hu,164
-GRLj8UAAAAJ,Ruoyu Wang,164
xzRwCyUAAAAJ,Shuo Zhang,163
HufL5rYAAAAJ,Shuang Hao,163
xQ11YBQAAAAJ,Jian Li (李健),163
pR3k32UAAAAJ,Shayegheh Ashourizadeh,162
nVUqU4UAAAAJ,Simin Peng,162
X0IYhVIAAAAJ,AWAIS SIDDIQUE Saleemi,162
GBivUEAAAAAJ,Qiang Guo,162
cYuN3SwAAAAJ,Xiyan Xu,161
PDcZbsYAAAAJ,Xin-Ji Liu,160
B631ODIAAAAJ,Chen Qiang,160
KS5UXOMAAAAJ,Can CHEN,159
ENtPHDwAAAAJ,Lin Zeng,159
J39v0_YAAAAJ,Dai Ningwei,159
wOU2WaUAAAAJ,Talha Mir,158
1EEzJk4AAAAJ,Yangyang Xie,157
O5dS_GcAAAAJ,Huimin Chen,156
V0Wfg3wAAAAJ,Jie Zhou,156
WNpIRdcAAAAJ,binheng Song,155
4wHnnvoAAAAJ,Yaxiao Liu,155
ExDtd6oAAAAJ,Guoxiang Zhu,155
juZXbFoAAAAJ,Jiaxin Shi,155
zfdxuNUAAAAJ,Ruishan Xie,155
QPG8X7sAAAAJ,Xianyu Wang,154
oLrd9I4AAAAJ,Quanxi Tang,154
PDD-EuYAAAAJ,wei cao (曹伟),154
QtpklVIAAAAJ,Yuqi Cheng,154
mXs1QjkAAAAJ,Xiaoli Lu,153
ziosYWQAAAAJ,Eunhye Baek,153
tHXXQ1EAAAAJ,Mengqi Ji 季梦奇,152
MeHLtvsAAAAJ,Yue Sun,152
lrWAFR4AAAAJ,Wafa Dastyar,152
b7vlPJAAAAAJ,Yanchen Liu,152
X3u_rXYAAAAJ,Shuhao Wang,151
DI4xKzYC5qQC,Ou Jiaxin,151
Zna9FFcAAAAJ,Bojun Dong,151
whJ6J94AAAAJ,Xiaochen Zhu,150
8zaw9xoAAAAJ,Yuxuan Sun,150
S41MwX0AAAAJ,Yu-Ping Wang,149
DDXcKKcAAAAJ,Jiaxin Mao,148
LELUQ5oAAAAJ,Yang Zhang,148
1ETRTd0AAAAJ,Tianning Zhao,148
9X0KOmYAAAAJ,Xuan ZHANG（张旋）,147
yo-Gv5oAAAAJ,Bingyang Liu,146
JnoFxh0AAAAJ,Tao Shen,146
k-v4Y6gAAAAJ,Chen Chen,146
yuByvMwAAAAJ,YJ Zhao,145
5eGuLSUAAAAJ,Yijie Shen,145
kOmIWXIAAAAJ,Xiaozhi Zhang,144
SHS7WYgAAAAJ,Haochen Hua,144
d2UrJiQAAAAJ,Jiating Chen,141
Tu9SuWEAAAAJ,He DING,141
KIghqQQAAAAJ,Xiurui Zhu,141
5uY8u_sAAAAJ,Yuwei Ma,141
R8qZ7O0AAAAJ,Jiaheng Li,141
pQvM1UkAAAAJ,Haitian Pang,140
shKZXh8AAAAJ,Tong Yao,139
nm85qyEAAAAJ,Haipeng Mi,138
ZxJw8wQAAAAJ,Gongzhuang Peng,138
TmVGuVUAAAAJ,Xiaoxiong Zhong,138
s6d46iUAAAAJ,Zhaoguo Xue（薛兆国）,138
bxCdTCMAAAAJ,Yue Chen,138
d3fYvdIAAAAJ,Qiangmin Yu,138
tM1tv_kAAAAJ,Yan Cheng,137
A8It-HkAAAAJ,Minghua Ma,137
s7JcBQ4AAAAJ,syed irfan,137
XI5i5AUAAAAJ,Ziyu Wen,137
Kjay1aEAAAAJ,Tong Li (李彤),136
U9RWeMYAAAAJ,Pengwei Zhang,136
UQQ55lMAAAAJ,Chi Li,136
Ro0aB-0AAAAJ,Wenting Yang,136
DHdVjs8AAAAJ,Yancong Qiao,136
wapVD9kAAAAJ,Nihong Chen,135
j-hXVAIAAAAJ,"Xinxin Han, PhD",135
GMuVkqEAAAAJ,Xi Lin,135
fSUo-qEAAAAJ,Cangyu QU,135
ya2cTQ8AAAAJ,zhe yuan,135
PM-n9wQAAAAJ,Liguo Zhang,135
BUZDdGMAAAAJ,Guangyao Shen,134
Dcxy0iAAAAAJ,Jin JIN,133
m1rKUzMAAAAJ,Yang Geng,133
HcNDPdoAAAAJ,黄毅超,132
I9s_CWwAAAAJ,Dong Li,132
q2xkXGQAAAAJ,kejin zhao,132
ad4VLpgAAAAJ,Liang Mei,132
jWBLkCAAAAAJ,Changhua Bao,132
psaz4ccAAAAJ,Fida Mohmed,132
A8ZrKh8AAAAJ,YIZHUO HE,132
CE7PYu4AAAAJ,Jiaxin Liu,131
Kmh42LYAAAAJ,MINGHE Xu,131
JfQI0XAAAAAJ,LINLIN FEI (费林林),130
pDXqJlUAAAAJ,Liangliang Ren(任亮亮),129
tka8lTYAAAAJ,Wangpeng An,129
V-21UXUAAAAJ,Rui Li,128
YMZOttQAAAAJ,Wei Yin,127
QiZIqCMAAAAJ,Shiqing Deng,126
2NEA088AAAAJ,Weixin Huang,126
qMPFwIUAAAAJ,Chengliang Chai,125
T48HnsQAAAAJ,Haowen Xu,125
cB0514gAAAAJ,Sixing Xu,124
Sv_e6C8AAAAJ,Wenxin Shen,123
_MtBmxkAAAAJ,Shuang Wu,123
kXWVD2kAAAAJ,Yong Tang,123
QPKysDEAAAAJ,Qinlong Guo,122
3iRpbyIAAAAJ,Rajan Singh,122
FNjolmEAAAAJ,Jialin Wen,122
LPfnClcAAAAJ,Xuefeng Cui,121
2zBHAIAAAAAJ,Danming ZHANG (张丹明),121
5ewH2xcAAAAJ,xia liu,121
XxaX0hkAAAAJ,Wenshuo Li,120
Ye9_mwUAAAAJ,Shuang Yi,120
MqJNdaAAAAAJ,Tao Dai,119
OY__5d4AAAAJ,Yongliang Wang,119
hWpl9nsAAAAJ,Gururaj Kudur Jayaprakash,118
h85KUP0AAAAJ,Long Jin,118
owctMYYAAAAJ,Wenlai Zhao,117
l5Y8drYAAAAJ,Wei Xiong,115
Mm9evoIAAAAJ,Maomao Zhang,115
3Oy3SKMAAAAJ,Mowei Wang,115
uWfZKz4AAAAJ,Wayne Wu (吳文巖),115
mh18pXgAAAAJ,Guanghua Gong,114
6RWOXgEAAAAJ,Jun-bo Lu(鲁俊波),114
jwIhoegAAAAJ,Wen-Hong ZU,113
NDby1coAAAAJ,Peng Lin,112
TjkXWhYAAAAJ,Hao Jiang,112
Yl0wv7AAAAAJ,Bin Chen (陈斌）,112
2OpwsG8AAAAJ,Feng Dong,111
-mucZZEAAAAJ,Peijian WANG (王佩坚),111
sxsAvTIAAAAJ,谢驰宇 Chiyu Xie,111
5jJmBt4AAAAJ,Runzhang Xu,111
C2_wzF8AAAAJ,Yicheng Gong,111
62j-dqgAAAAJ,Yidi Xu,111
AOrRPOUAAAAJ,Ming Liu,111
oHA77okAAAAJ,Yi Huang,110
0ZiIrlsAAAAJ,Renjie Li,110
eoScudIAAAAJ,王毅 （Wang Yi）,109
uvLx-GAAAAAJ,Jie Feng (冯杰),109
xHaMdy8AAAAJ,Yudan Zhao,109
GKNEbFYAAAAJ,Zhenjie Yang,108
OG1cMswAAAAJ,Chuhan Wu,108
uCNuKQMAAAAJ,Yue Zheng,108
TN7dWwEAAAAJ,Linmei Hu (胡琳梅),107
7dKHjCkAAAAJ,Bobin Xing,106
Yg2eW5AAAAAJ,Yao Xiao,106
Kb13TAwAAAAJ,Yixiao Huang,106
1DQbfFAAAAAJ,Xiongchao Tang （汤雄超）,106
jQ8vpPkAAAAJ,Zhongliang Yang,106
LgQ6H3sAAAAJ,Bingyu Xia,106
0_14rJYAAAAJ,Zonghui Li,106
bpQSaT0AAAAJ,Wanshan Zhu,105
z1OLfosAAAAJ,Qingcheng Hu,105
b7kj2bYAAAAJ,Zhen Tu,105
VkKYpHIAAAAJ,Zhongdao Wang,105
viJ-k9cAAAAJ,Zhuang Tian,105
k-DMEhAAAAAJ,Jun Guo (郭君),105
ttXV3pIAAAAJ,Wencheng Zhu,104
cgaPWj0AAAAJ,Guifang Fan,104
yhrulK0AAAAJ,Chun Yin Hui,103
Ayibdv4AAAAJ,Lili Hu,103
tYzD6G4AAAAJ,Bin Dai,103
yG_Gnp0AAAAJ,Fei Xue,102
MbeOhkgAAAAJ,Wanwen Zeng,102
T039R3UAAAAJ,Xian Wu,102
F0dZqqYAAAAJ,刘宇飞 / Yu-Fei Liu,101
ffcKlvYAAAAJ,Yong Liang,100
ftgG93sAAAAJ,Ran Xu,100
Jq0zxJYAAAAJ,ming zhang,100
J3kgC1QAAAAJ,Zhuliang Yao,99
__wMZSYAAAAJ,Yucen Luo,99
UudJmAMAAAAJ,Yu Ji,98
7pQa-pIAAAAJ,Tianqi Zhang (张天琦),97
uU6s1tYAAAAJ,Qingpeng Cai,97
e_BVE8QAAAAJ,Jianxing Zhang,97
n7JpDssAAAAJ,Zhen Chen,96
_TAJECAAAAAJ,Jingtao Ding,96
L2pYvXsAAAAJ,Masood ur Rehman Kayani,95
QzBCktIAAAAJ,He Jin,95
sjNBnF8AAAAJ,Wenhua Wan,94
WYj5xVsAAAAJ,Pei Tang,94
TIbistUAAAAJ,Yansong Tang,94
XIiVCyQAAAAJ,Chong Chen,94
bIJVOs0AAAAJ,Yu WANG 王宇,93
j9oozb0AAAAJ,Zheng Wei,93
YJuitEgAAAAJ,Zhengsheng Liu,93
f3_bneYAAAAJ,Jiaman Liu,93
-RYlJvYAAAAJ,Bin Liu (刘斌),92
HcmB-Y4AAAAJ,Qiyan Zhang,92
brbjCFAAAAAJ,Lei Wang,92
9ortFp4AAAAJ,Jing-nan Shen,91
SH9P4iIAAAAJ,Luchan Lin,91
CV_63UcAAAAJ,Zhipeng Yan,90
GA64mJAAAAAJ,yunqi cai,90
NT__xYQAAAAJ,Shuo Chen,89
KDp9GkkAAAAJ,Ebrahim Ataeivarjovi,89
5_euxMIAAAAJ,Yuan Meng,89
MxLMzCMAAAAJ,Yaohua Cheng,89
Nt1SnbcAAAAJ,Chunyan Wang,88
yHTKJXgAAAAJ,Yang Guo,88
htu3c7wAAAAJ,Gu Wang,87
jx5QBTIAAAAJ,Yukun Zhao,87
ins2AB8AAAAJ,XU Ran,86
gqCD4kwAAAAJ,Jian MA,86
gA3nfK8AAAAJ,Du-Xin Liu,86
1Xy9cxsAAAAJ,Ziyang Zhang,86
WWymHkcAAAAJ,Yong Ren,85
_QGZYjsAAAAJ,Chengyu Wang,85
JnorY1oAAAAJ,Peng Zhao,85
c30kWggAAAAJ,Tao Wang,85
Q3HHgJEAAAAJ,Yuchao Zhang,85
eOkkQWUAAAAJ,Chenming Wu,85
k3NrDT8AAAAJ,Mingzhe Wang,85
xTaCwO8AAAAJ,Qianhao Sun,85
c1HA1z8AAAAJ,Yunxiang Li,84
CEDfNrYAAAAJ,Weifei Zhang,84
MXeTwkgAAAAJ,Yougang Bian,84
TR-Ch4MAAAAJ,Zhang JP,84
G3cIQZgAAAAJ,sha yuan,83
7FQJnB0AAAAJ,Yue Hu 胡悦,83
BzZ3REEAAAAJ,Li An,83
Du-9QoYAAAAJ,Zijie Zhuang,83
AiSbaD0AAAAJ,Mohsin Rafique,82
OsqBTWcAAAAJ,Yinan Sun,82
BTEsUk8AAAAJ,Yucong Chen,82
6vCp8F4AAAAJ,Bai Xiwen,82
FlIzsGQAAAAJ,Long Chen,82
TRsBuDUAAAAJ,Runxia Cai,82
-9gDIMQAAAAJ,Omid Shekoofa,81
BdpXcLgAAAAJ,Xiaoyuan Yi,81
N1J2lXoAAAAJ,Ji Wu,81
Zg1tbo8AAAAJ,Xi Li,81
ZF-c4kYAAAAJ,Changhua Pei,80
HypEjWEAAAAJ,Yu Zhou,80
wF63oKwAAAAJ,kuan chang,80
PHiNAVgAAAAJ,Yi Liu,80
qB5q7HIAAAAJ,Henan Wang,79
IlELakMAAAAJ,Yuhao Jiao,79
yZMmJGcAAAAJ,Chaobo Qi,79
vFsADVEAAAAJ,Yiran Li,79
b-3jhBYAAAAJ,Qi-Bo Zeng (曾琦波),79
BPyFhMkAAAAJ,Mst Zakia Sultana,79
g8366f0AAAAJ,Zhipeng Guo,79
kHPrqdgAAAAJ,Lin Qian,78
mdD3xMMAAAAJ,Hu Qingda,78
wXxV4_oAAAAJ,Jan Shair,78
jnfSJaQAAAAJ,Mengxing Liu,78
vKSau2cAAAAJ,Xiaohe Hu,78
BHwqhxMAAAAJ,Wen Qi,78
FFv6F0sAAAAJ,Chaofan Yang,78
jsO5m0UAAAAJ,YANG LI,78
5zJK0JMAAAAJ,Junxin Liu,78
X5_vg1wAAAAJ,Ziang Yan,77
jgCIso0AAAAJ,Hang Zhang,77
7y9YCqwAAAAJ,Hongzhi Shi,77
xw6gIzgAAAAJ,Feiqi Liu,77
1eMMiS8AAAAJ,Lida Huang,76
3bWpEmUAAAAJ,Qijia Cui,76
_BiloKgAAAAJ,Xu Zou,76
yp5BEfcAAAAJ,尹西明_Ximing YIN,76
gIoDOIoAAAAJ,Yujuan Fang,76
lfMkkHYAAAAJ,Bo Xu,76
osylUIoAAAAJ,Zeyan Li,75
CEqcg4IAAAAJ,Ruicheng Jiao,75
GGzhjewAAAAJ,Tan Yi,74
PGDOb3EAAAAJ,Samina Shaheen,74
9Pgp_JAAAAAJ,Denggao Chen,74
jTUN9rUAAAAJ,Yani Zhang,74
Y3IiQmQAAAAJ,Zhenhua Zhu (朱振华),74
dMdT6-EAAAAJ,"""V. Esfahani Yeganeh""",73
2For1yEAAAAJ,Zhongdong Qi,73
7JFH9HoAAAAJ,Yang Li,73
zNKRgWEAAAAJ,peng qu,73
MPvhHKAAAAAJ,Tengxiang Zhang,73
4ItAEwgAAAAJ,Chendi Zhang,73
pJfHeo8AAAAJ,Zhikang Yuan,73
P9cBVvkAAAAJ,Shuling Li,73
IF33mqoAAAAJ,Xiyan Lin,72
cFMKMzcAAAAJ,Mu Xianghao,72
OMZpJJgAAAAJ,jiangfeng wang,72
GOGjvogAAAAJ,Jianbin Jin,71
OWZpSFEAAAAJ,Lyuchao Liao PhD,71
znRMaO8AAAAJ,Tao Yang,71
QPEJkrAAAAAJ,Rui Lu,71
4T3XHYcAAAAJ,Keyao Zhang,71
Oa_2WaMAAAAJ,Chenglei Wu,71
Y1b9zucAAAAJ,ZUWEI YIN,70
mzdyg24AAAAJ,Youmin Chen,70
12qaaesAAAAJ,Zerong Zheng,70
qfLQ8WgAAAAJ,You Yong,70
7q8EUlAAAAAJ,Xijin Jia,70
OJjBy5wAAAAJ,Chengxi Zang (臧承煕),69
n-fRvd8AAAAJ,Xin Sun,69
Vs1yAYwAAAAJ,Xueping Xu,69
vFHAJXMAAAAJ,Ke Tu,69
9HquoMIAAAAJ,Xueyan Wang,69
azTXasgAAAAJ,Rui Chen,69
UtUyfnEAAAAJ,Weibin Meng,69
c1-_-dUAAAAJ,Kuan Wang,69
Qt57Qg8AAAAJ,Wenbo Hu,68
KjZgxpkAAAAJ,Xin Li,68
u-BAw9sAAAAJ,Xiangxiang Xu,68
t7-q7NYAAAAJ,Hongdong Wang,68
h1sQzVwAAAAJ,Yao Li,68
V-0oiTYAAAAJ,Tai-Jiang Mu,68
pWGUVtMAAAAJ,Fuan Pu,67
muTGZzIAAAAJ,An Wang,67
hRJQJVgAAAAJ,Shuang Chen,67
1zyZlt8AAAAJ,Abid Ahmad,67
PXWLtEkAAAAJ,Ji Zhang,67
XU5MpJgAAAAJ,Dan Dan (丹聃),67
FB6gCysAAAAJ,Shi Chao Gao,66
aMi8uGEAAAAJ,Yongyou Cao,66
NbbB8mkAAAAJ,Tianmao Lai,66
09Bo3tQAAAAJ,Chao Wu,66
xber2-oAAAAJ,Wei Mei,66
8bQlmq4AAAAJ,Ke Lin,65
IaNkm7kAAAAJ,BIAO XU,65
vkhPxkgAAAAJ,Yanjun Du 杜艳君,65
fxymSFsAAAAJ,Xiaokun Zheng,65
erpvWcIAAAAJ,Hui Chen,65
Otsg1MQAAAAJ,Xinzhi Wang,64
emYNLUUAAAAJ,Yue Chen,64
QOZnsYYAAAAJ,Yan Wang,63
txsh_ukAAAAJ,Rui Zhang,63
PFfZCWsAAAAJ,Yuan Zhang,63
VjXx-JYAAAAJ,Xiaoxuan Liu,63
z3hwE9IAAAAJ,Kangjun Zhao,63
YWqKfFwAAAAJ,Abdul Ghaffar,62
IzUjvBYAAAAJ,Yujie Liu,62
4c4zinUAAAAJ,Wenxuan Dong,62
yszKYP0AAAAJ,Delei Shang,62
KekESxMAAAAJ,Xukun Liu,62
w2zzb-kAAAAJ,Wang Taihua,62
94ujrK0AAAAJ,Guiqiang Peng,62
Qk9dSCgAAAAJ,Xiang Liu,61
b3Gb7GQAAAAJ,Zheyu Liu,61
AUNL6nIAAAAJ,changming li,61
j0yTuxoAAAAJ,Xiaohui Xie,61
ew-wGTEAAAAJ,Xuesi Wang,61
dXuuY2oAAAAJ,Kun Du,61
V_Yyy30AAAAJ,Le LIN 林乐,60
50194vkAAAAJ,Yan-Pei Cao,60
H3GmhJEAAAAJ,Huichao Zhao,60
5ZcuLGMAAAAJ,Musen Kingsley Li,60
JiJNaDgAAAAJ,Yuanzheng Long,60
aaYD5uMAAAAJ,Liu Hu,60
aLpQoZgAAAAJ,Jia-Le Shi,59
ASZWaQYAAAAJ,Jiang Lu,59
ude58nsAAAAJ,Lyu Zhou,59
AkEzOW0AAAAJ,Lijun Gao,58
uiKeyhoAAAAJ,Wen Jin,58
dnPpBfgAAAAJ,Pei Xie,58
YhyBT40AAAAJ,SHAN ZHU,58
PrNqW2EAAAAJ,Haiwei Li,58
kEYqMqUAAAAJ,Yishuang Ning,58
0CiluGUAAAAJ,Liu Yang,57
BNmQdmkAAAAJ,Ya-Nan Fan,57
rsgRkmkAAAAJ,Kun Xu,57
DOkqLGYAAAAJ,Chengjiang Li,57
0KkABEoAAAAJ,Xiaocong Lian,57
oEfmMIcAAAAJ,Jinxin Xue,56
u9rs2hoAAAAJ,Terrence Curry,56
DZmBzaSLts8C,Qingtao Tang,56
Ojz_InkAAAAJ,Truong Sinh Nguyen,56
hfxsTtIAAAAJ,Mohsen Saleh Asheghabadi,56
_zMDsbQAAAAJ,Wenxing Zhao,56
T90o6qMAAAAJ,Yi Zhang,56
x7_JnlQAAAAJ,shaheed ullah,56
hdHXJ4wAAAAJ,Guanlei (Ray) Zhao,55
JGD-E9AAAAAJ,Rubing Ge,55
FND4egwAAAAJ,Bichuan Guo,55
NIKaGNgAAAAJ,Shengqi Tan,54
GlehtRQAAAAJ,Xiaokuai Shao,54
s9aO9mQAAAAJ,Ruizhe Li,54
9DHcphoAAAAJ,Chenxing Li,54
oxGHM1oAAAAJ,Fan Xiang,54
qdB0PMYAAAAJ,Lei Sun,54
bMMEEWcAAAAJ,Hao Yang,54
I9_x85wAAAAJ,khalil ur rahman,54
mdhAYacAAAAJ,Tao Wang,53
wXuPatIAAAAJ,Honghui Zhang,53
6mdnyPsAAAAJ,Haishen Wang,53
6ivU-HUAAAAJ,Lyu Zhou,53
WdDFFlIAAAAJ,Jianxin Ma,53
oJLECGMAAAAJ,Yi Zhang,53
xXeSMZQAAAAJ,Haitao Yuan,53
JsAqul0AAAAJ,Guozhen Zhang (张国祯),53
Jc6OjlwAAAAJ,KANGLE MO,52
viJXvUIAAAAJ,Rui She,52
MD-3X5EAAAAJ,cheng zhang,52
Qep1BUoAAAAJ,chao yuan,52
IBtFC4cAAAAJ,Dao-Sheng Tang,52
ZuK6HdgAAAAJ,Chenglu Zhang,52
AZk5dzsAAAAJ,Jianyu Zhou,51
FpSFwIsAAAAJ,Zezhi Zeng,51
cMTW09EAAAAJ,Ziwei Wang,51
t95adfwAAAAJ,Yang Sun,51
FtZGXdIAAAAJ,Dong Zhu (朱冬),51
T4wERxUAAAAJ,Panpan Zhou,51
DXI11lAAAAAJ,Yiming SONG,51
8NcrLzcAAAAJ,Min Wang,50
fXoL8PQAAAAJ,Minglei Yang,50
yT9041MAAAAJ,Yueke Hu,50
TOa6cKcAAAAJ,Qingyu Li,50
qbVqp2QAAAAJ,yuefeng hou,50
hFxsryoAAAAJ,Tao Yang,50
19X5L9sAAAAJ,Jiayu Tang,49
H4nWpfcAAAAJ,Pin Gao,49
DOSTZ3EAAAAJ,Yang Tang,49
4U9RcZAAAAAJ,Mohammad Shidujaman,49
XrDge3sAAAAJ,Wei Zhu,49
ZXXHTVQAAAAJ,Victor M. Deantes-Espinosa,49
StBWeZgAAAAJ,Qiao Liu,49
DMAR-4wAAAAJ,高一凡YIFAN GAO,49
CYO20ycAAAAJ,Zongbiao Dai,49
Op30vHIAAAAJ,Hongye Guo,49
Af60_cEAAAAJ,Chen Gao,49
h5Of128AAAAJ,Lu Chenxi,49
jqA5rHAAAAAJ,Rui Yan,49
LdK9scgAAAAJ,Wenzhao Zheng,49
yWq8EJ8AAAAJ,Penghui Li,48
8MvI1iQAAAAJ,Weichao Guo,48
i03yH9UAAAAJ,Zidong Wang,48
Kp9FQ2wAAAAJ,wenhao zhang,48
6Hme86QAAAAJ,Baojun Liu,48
xoC8smYAAAAJ,Chaojun Xiao,48
TTRUaggAAAAJ,Haoxi Zhong,48
gu20qfgAAAAJ,Mengjie DUAN,48
_gAoX48AAAAJ,Hong Li,48
JJYFHZsAAAAJ,Liang Yuan,47
WeNq7Z0AAAAJ,Yilong Liu,47
r3Tz1xMAAAAJ,shaoheng liang,47
s61PLLkAAAAJ,Qizheng He,47
eDrMOVkAAAAJ,Jiahao Cao,47
3bNm9iAAAAAJ,Fangwen Zhai,46
P0EK1y8AAAAJ,Lantao Hu,46
8LqrW5AAAAAJ,Jisheng Li,46
HEs1o4MAAAAJ,Xiangsheng Li,46
UzvD7DUAAAAJ,Peng Jiao,46
Z-cjhG4AAAAJ,Tongda Wu,46
GNdLoggAAAAJ,LiBin Sun,46
D2Gx4fIAAAAJ,Zhang Peng,46
WmWpZCYAAAAJ,Ziwang Lu,46
oX0uvZQAAAAJ,Jianmei Zou,46
EOVrskkAAAAJ,Zhen Sun,45
JE42QaQAAAAJ,Fan Zhang,45
VtsZH3IAAAAJ,Jizhang Wang,45
Ln0RH8UAAAAJ,Lifen Jia,45
AQ1zeEcAAAAJ,Zhichao Li,45
843JJtgAAAAJ,Kaifeng Lyu,45
015aDXIAAAAJ,Jinkun Geng,45
rJzgbYQAAAAJ,Xin Lv,45
y68DLo4AAAAJ,Ran Yi,45
UlMO-z8AAAAJ,Runnan Li,45
tqv-a1YAAAAJ,Minyong Lee,45
vp3mI-0AAAAJ,Qingwei Liu,44
K7LuZVsAAAAJ,Wanchuang Zhu,44
080FSzUAAAAJ,Ke Zhou,44
xdFbK_4AAAAJ,Xiao Chen,44
5fRnct0AAAAJ,Jin Li,44
FAjYJkQAAAAJ,Yuyu Luo,44
5EseHwIAAAAJ,Feifan Cheng,44
ca7KKNwAAAAJ,Cindy (Sin Yi) Tsang,44
HaAF06QAAAAJ,Mucong Zi,44
gYe6vEkAAAAJ,Wanlin Zheng,44
Bk2MbagAAAAJ,Zhican Yang,44
0NetjTIAAAAJ,Wen Hu,43
mz5IWG8AAAAJ,Wei Wang,43
04clUGcAAAAJ,Jianguo He,43
UIJxhUsAAAAJ,Fan Zhang,43
CngLjRkAAAAJ,Weinan Shi,43
SJdVvuAAAAAJ,Zhifu Zhao,43
9useihMAAAAJ,Hengwei Luan,43
61GDqhEAAAAJ,Qian Li,43
OZQIT5sAAAAJ,Liang Wang,43
G3_Dn98AAAAJ,Yu-Tao Li,43
ibKZUBsAAAAJ,Zhongxing Wang,43
Nf6eH7sAAAAJ,ZhiPing Yuan,43
6jAqJy4AAAAJ,Zuzhang Lin,43
p_lj0IkAAAAJ,Xuedi Qin,43
oHIlfWEAAAAJ,Yanhua Li,42
HT8yUcMAAAAJ,Bo Wang,42
SYIrznYAAAAJ,Jing Lin,42
7X_Aho0AAAAJ,Dongjia yan (阎东佳),42
icyuxCkAAAAJ,Aymeric Damien,41
hkdLmBcAAAAJ,Shengchuang Bai,41
e_aWQcAAAAAJ,Lin Zhang,41
teycqxEAAAAJ,Shao-Shi Rui (芮少石),41
5B4c5kQAAAAJ,Guohe Liang (梁国贺),40
VbNk_qwAAAAJ,Jianhua Pan,40
a3xNF0wAAAAJ,Kai Chen,40
vwhEfQYAAAAJ,Xiuqiang He,40
9-z2YPcAAAAJ,ke xu,40
4VSt0EQAAAAJ,Peng Ren,40
9YqObosAAAAJ,Bilal Akram,40
BvYrPq0AAAAJ,jian zheng,39
F0TPgDsAAAAJ,Bo Tian,39
LPH7y_kAAAAJ,Xiaoqin Zhang,39
3lFwE3MAAAAJ,ZHENG DENGJIN,39
oQU_49UAAAAJ,Chencan Du,39
KXumTFMAAAAJ,Zili Meng (孟子立),39
wmmvxtoAAAAJ,Junlin Wu (伍俊霖),39
hzGqxY4AAAAJ,Chunze Lin (林纯泽),39
hvWVWfIAAAAJ,Jiaqi Zhang,39
M6hopL8AAAAJ,Haoyuan Mu,39
pewUhS0AAAAJ,YANG YU,39
QwSzJIwAAAAJ,Jiang CHANG,39
nsx6-cgAAAAJ,Guoping Cao,38
dKXHQVIAAAAJ,Hao Xu,38
1245hHgAAAAJ,Guosai Wang,38
hQjorTgAAAAJ,Haochen Zhang,38
PZHdzSoAAAAJ,Longxi Luo,38
qG3NRn8AAAAJ,Jiaji He,38
EE5Z7mUAAAAJ,Haozhe Ji,38
DbnO_hMAAAAJ,程耀华,38
J3dR0sUAAAAJ,Zhijie Deng,38
NbV-29YAAAAJ,孔郁斐,37
PK57vrQAAAAJ,Shiyu Huang,37
bTxBAJMAAAAJ,Xunwang Dang,37
xRWDXyQAAAAJ,Gan Gao,37
xIdF_oMAAAAJ,Weitao Wan,37
j8HzSYAAAAAJ,Yukang Yan,37
GN0mqtEAAAAJ,Yuanfang Zhao,37
1g2LfyQAAAAJ,Yuan Jin,37
fbkK3EYAAAAJ,Jianlin Xu,36
WRgujlkAAAAJ,Wenhui Zhang,36
tYy-bzgAAAAJ,Qiao Jin,36
p7aWWXsAAAAJ,jiang cong,36
I5rTTwUAAAAJ,Yulong Wang,36
EMo97CgAAAAJ,Guanghui Yu,36
T18uy4EAAAAJ,Tsao Liuxing,36
u-Nbg0wAAAAJ,yuwen yang,36
I5svuawAAAAJ,Shaohui Liu,36
Sq_2TBEAAAAJ,Zhiqing Xiao,35
6uqXSckAAAAJ,Hu Chenxi,35
giAoD2IAAAAJ,Yu Li,35
yj2b7pgAAAAJ,Yuanhao Wang,35
sCNUk8oAAAAJ,Yabing Zhang,35
UVNrq4oAAAAJ,Jia-Qi Yang,35
gnJCO14AAAAJ,Yafei Yuan,35
MwbTQPUAAAAJ,Tong Li,35
QnhZ9LsAAAAJ,Chen Liao,34
ps5lXzgAAAAJ,Henrique Morimitsu,34
ql_dX9kAAAAJ,Mina EbrahimiArjestan,34
O52EyKsAAAAJ,Yilin Niu,34
8cqlJ-AAAAAJ,Mingyao Yao,34
cOr1qaYAAAAJ,Jianxing Liu,34
dpNBFfgAAAAJ,Xueqian Wang,34
EcZ_Hq4AAAAJ,Junyu Mei,34
L9lNskcAAAAJ,Zhenxiang Tao,34
VtB6j6YAAAAJ,Yufei Zeng,34
A4G6tEYAAAAJ,Fan DANG,33
0fd1hgIAAAAJ,Pengyu Ma,33
30hFs1cAAAAJ,Heyuan Shi,33
h5qEEq4AAAAJ,Yiwei Qiu,33
OKFQXRgAAAAJ,Enya Shen,33
PUTIQRsAAAAJ,Chao Wu,33
lmjApxkAAAAJ,Jilong Ye,33
8eo4_HkAAAAJ,Chenge An,33
Vd2tssIF8CwC,Zhen Yu,33
qLZ8naoAAAAJ,Shiyun Lin,33
Ut8nVqIAAAAJ,Shi-Xin Zhang,33
PPZ-SicAAAAJ,Wei Wu,32
8yFcZHAAAAAJ,Hongyu Shi,32
4BylVnYAAAAJ,Liang Cao,32
RYsIq7YAAAAJ,Xi Ma,32
qxNzQfQAAAAJ,Xianggen Liu,32
4y6lY8AAAAAJ,He-Da Wang,31
yYdZL4cAAAAJ,Yanqin Chen,31
mZN27oYAAAAJ,Qingqing Meng,31
MrGN4oMAAAAJ,Honghua Dong,31
OTQqkG0AAAAJ,Jia-Ju Bai,31
Y0DFdMwAAAAJ,Zhe Fu,30
RAcMXuUAAAAJ,Shakeel Ahmad,30
IvalN4oAAAAJ,Shijie Deng,30
GetMTKoAAAAJ,Tinghao Liu,30
suhBsGMAAAAJ,Mo Luan,30
GkAO16kAAAAJ,Chao Deng,30
VjiyRe0AAAAJ,Nan Li,30
cmfIXa4AAAAJ,于琛 Chen Yu,30
Ky409ncAAAAJ,Enda Jiang,30
vg2IvzsAAAAJ,Xinhai Liu,30
FMw4yOoAAAAJ,Chengkun Jiang,30
WOJZUW8AAAAJ,Xien Liu,29
8GBaup0AAAAJ,Wenlan Luo,29
BXzNbeUAAAAJ,Lindong Yang,29
O__fb8QAAAAJ,Yejun Tang,29
Xxo-5rMAAAAJ,Liu XF,29
_H2Mv_0AAAAJ,Zhaoshi Li,29
0Bk1Nd0AAAAJ,Kaiyu Li,29
ZEA2s1QAAAAJ,Zhong Cao,29
-T1aYqYAAAAJ,Ruozhu Zhao,29
cTxPNGUAAAAJ,Chijin Zhou,29
TI270zcAAAAJ,Yuanbin Liu,29
TflDokwAAAAJ,Qi Huang,29
PjZiPqwAAAAJ,Hongsen Liao,28
IafHNLQAAAAJ,Hailong Shi,28
Pgn3aUsAAAAJ,Guangxin Liu (刘广鑫),28
zKIbdqkAAAAJ,Cheng Chang,28
_SCNmpkAAAAJ,Muhammad shahid,28
G7DI6SYAAAAJ,Weichi Wu,28
7xWN15gAAAAJ,Jiao Sun,28
aeDuX3QAAAAJ,Chen Pan (潘晨),28
qZ_zlacAAAAJ,Ling Pan,28
4oDlQ-UAAAAJ,Tianyu Zhao,28
DwKuTLwAAAAJ,Ryuichi Takanobu,28
V74wQiQAAAAJ,Wang Yang,28
-lRnZ9IAAAAJ,Yun Xia,28
BWCDa8YAAAAJ,Jian Guan,28
kEHvN3cAAAAJ,Yuming Hu,28
xXdBLU8AAAAJ,Minglong Fei,27
o65Q5_QAAAAJ,Guohui Zhang,27
kMadzrYAAAAJ,Zhufeng Xu,27
qy2fEfEAAAAJ,Yiran Zhang (张屹然),27
4vrZRk0AAAAJ,Zhenghao Liu,27
ZbqGJ_YAAAAJ,Jingao Xu,27
HIJL3v4AAAAJ,Yiqin Lu,27
qohynxMAAAAJ,Zehui Wang,27
4ctZrHQAAAAJ,Haiyang Li,27
4k4iQfgAAAAJ,Yue Chen,27
NrRf7pUAAAAJ,Yi Wei,27
3ebq8z8AAAAJ,Yu-fei cao,27
buq4s6QAAAAJ,Qi Hou,26
dbIEqb4AAAAJ,Xiao-Chao Zhang,26
3NkhNyQAAAAJ,Donghui Ma,26
0eFMjzIAAAAJ,Rui Chen,26
2lcGW_sAAAAJ,Shuguang Peng,26
eEFaJGwAAAAJ,Jingjing Wang,26
09zhncoAAAAJ,Changjie Lin,26
Va50YzkAAAAJ,Ming Ding,26
sD_6SwYAAAAJ,Pengfei Cheng,26
TvI47boAAAAJ,Junchen Guo,26
8a-HnZ4AAAAJ,Yu Song,26
CIjw0KoAAAAJ,Xiaohan Ding,26
5cTSgxoAAAAJ,Jiawen Gu,26
6m2WNs0AAAAJ,Liang Li,26
ye4BnicAAAAJ,Ji Sun,25
OYeOBAUAAAAJ,Jiayi Joey Yu,25
XvchkmkAAAAJ,Hui Qiao,25
J8tHYjIAAAAJ,Lixin Zou,25
soP5tecAAAAJ,Danyang Ma,25
Z6QvWXIAAAAJ,Libo Jiao,25
fv-p85gAAAAJ,Menghao Zhang,25
oQTk8ccAAAAJ,Qingdong Zhang,25
woNFbNEAAAAJ,Yu Liu,25
mhQJ2cQAAAAJ,Yuanlong Zhang,25
xTFUV_YAAAAJ,Yukun Zheng,25
CTXNOJMAAAAJ,Jiasong Bai,25
hz7NKKIAAAAJ,Fuchen Ma,25
oKqr-ZQAAAAJ,Wang Zhao,25
OKzPW3UAAAAJ,Fufang Yang (杨富方),24
n2r-igYAAAAJ,Shi Lei,24
5lpvAzMAAAAJ,Joshua Li,24
HhMhIFUAAAAJ,Jin Li,24
3p1AxOcAAAAJ,Yue Zhao,24
3tgQa2UAAAAJ,Hao Zhou,24
SAPSJpQAAAAJ,Zhaokun Zhang,24
CUxEb1YAAAAJ,Jianmin Guo,24
z5p5bjIAAAAJ,Shengquan Chen,24
ehAkbUEAAAAJ,Shaoyun Shi,24
0synLUYAAAAJ,Junfeng Li,24
WTocGYAAAAAJ,Haotian Xu,23
0ZFhY4QAAAAJ,Chengliang Xu,23
xODKHlMAAAAJ,Simin An,23
8FRGef4AAAAJ,Jalal Ahmad,23
c27h8qAAAAAJ,Yang Cheng (程阳),23
fXXfcR4AAAAJ,Jin ZHANG,23
ElHk_6IAAAAJ,Yunqiu Shao,23
_oXX6fQAAAAJ,强翰霖,23
E8C4-MgAAAAJ,Wenqian Lian,23
f4ETSkgAAAAJ,Xiaochen Liu,23
G1V9OoQAAAAJ,Jianfeng zhou,22
ZCeFQzMAAAAJ,Hao Tang,22
4XRo-ecAAAAJ,Disna Eheliyagoda,22
najjBUEAAAAJ,Haiyu Mao,22
v5sUXvsAAAAJ,Tong Xu,22
aTPQDZgAAAAJ,Xiaohui Luo,22
TgVKtWYAAAAJ,Ming Qiao,22
rDTfaqAAAAAJ,Zhijing Wu,22
Yv8qYU0AAAAJ,Xianju Bi,22
CpYCldoAAAAJ,Ebohr Su,22
PFYt8bYAAAAJ,Xiaomeng Shi,22
Rgle2lMAAAAJ,Yongfeng Gao,21
mIZw5mEAAAAJ,Lixue Kuang,21
yYDHBroAAAAJ,Ross W Jaggers,21
6yYg2kYAAAAJ,Chong Zhang,21
FO3lHi4AAAAJ,Weizhi Ma,21
3KCK8l0AAAAJ,Zhiqi Chang,21
_BPzxfsAAAAJ,Xi Cheng,21
a_sGhGAAAAAJ,Ayana,21
OnxGOCYAAAAJ,Hongyi Huang,21
ib1LTTAAAAAJ,Bo Xiong,21
TDxKd6cAAAAJ,Yinbo Chen,21
-H62kS0AAAAJ,Yan-Bin Yang (杨炎彬),21
8nRZaTgAAAAJ,Kanglin Liu,21
Yo0BTHMAAAAJ,Shuai Wang,21
sw4BlTsAAAAJ,Chaoyi Lu,21
jFgTY6QAAAAJ,Zhen Yang,20
3oozWQMAAAAJ,Mohammad Hashem Haghighat,20
3qUBYI8AAAAJ,Wang Qirui,20
0w6d1AkAAAAJ,Peiqi Wang,20
kQF9vdgAAAAJ,Le Lu,20
dcNXPdQAAAAJ,Wang Chen,20
IJCfo_gAAAAJ,Qi Liu (刘琦),20
BfCFngMAAAAJ,Yunfei Lu,20
ZkbKoXsAAAAJ,Yiwen Lu,20
RzcmTRMAAAAJ,Ruijie Luo,20
25mubAsAAAAJ,Yizeng Han,20
8SMHxYUAAAAJ,Liwen FAN,19
B022_hQAAAAJ,Tingting Xu,19
h8W9HW0AAAAJ,Huarui Wu (吴华锐),19
FxoDpUQAAAAJ,Jiabiao Wang,19
6SfbFx4AAAAJ,Majid Mumtaz,19
KEfzweIAAAAJ,wei wang,19
wA4aOREAAAAJ,Shahin Firuzi,19
SFAogAEAAAAJ,panpan yao,19
gmZUj_kAAAAJ,Qiaohong Lin,19
sZiLe-UAAAAJ,Lin Bin,18
fvqOIMwAAAAJ,李广德,18
KwfrAXkAAAAJ,徐高峰,18
V6aFtskAAAAJ,Cai Zhi,18
DScsrLQAAAAJ,Fei Xu,18
ew7aKloAAAAJ,Yeshuang Zhu,18
4KQgA5IAAAAJ,Zhuobin Zheng,18
uZ418AwAAAAJ,Kecheng Zeng,18
EfzlIqkAAAAJ,Guanyu Li,18
07IucuQAAAAJ,Luhong Lan,18
oGWjsz0AAAAJ,Jianxun Yang,18
k7Vp_kgAAAAJ,Xinyao Huang,18
xnABjdkAAAAJ,Zhongchen Zhang (张仲宸),18
h5odMVAAAAAJ,zhensong wan,18
LxFl7C0AAAAJ,Dongxu Guo,18
WmOCCVgAAAAJ,Ximei Wang (王希梅),18
GWmdV98AAAAJ,wenran li,18
i8wNtSgAAAAJ,Yuxiao Liu,18
S8-FAUEAAAAJ,Gaolong Zhang,18
tg8MGKYAAAAJ,瑜 周,17
AktmI14AAAAJ,Jiangtao Gong,17
c2P2YXYAAAAJ,杜磊 Lei DU,17
iK1WyoIAAAAJ,Zhongliang HUANG,17
yMIy_IEAAAAJ,Zhenzhi Wu,17
2GK5OOAAAAAJ,jimin han,17
7JNHklsAAAAJ,Zheng Kedi,17
qTkK0RgAAAAJ,Lei Chen,17
dPUGCMAAAAAJ,Chenghao Diao (刁成昊),17
wrNd--oAAAAJ,Sheng Jin,17
grabhJMAAAAJ,Wenwen Xie,17
GVfHc-kAAAAJ,Anas Rao,17
lwwVd7sAAAAJ,Zengyi Qin,17
1mLSVDoAAAAJ,Yangqing Liu,16
8bNqqdAAAAAJ,Xin Zhong,16
wjzaI0MAAAAJ,杨祥 Xiang Yang,16
-nivmtUAAAAJ,Fahad Muhammad,16
1VOkQnwAAAAJ,Tailing Yuan,16
qDZs6qcAAAAJ,Zhipeng Ye,16
TP8-cAkAAAAJ,Kejian LI,16
7UtWZOsAAAAJ,Jie Wang,16
PNycj-gAAAAJ,Jianping Huang,16
Ok-NEYUAAAAJ,Zihan Wang,16
p2B9-xUAAAAJ,Xuguang Duan,16
2GcgmlsAAAAJ,Bin Feng,16
EAi5KV8AAAAJ,Yaodong Hu,16
eOYcTBQAAAAJ,Tiantian Zhang,16
QhIj9BAAAAAJ,Fu Hong,16
-Z2O6VkAAAAJ,PENG LIANG,16
21Q9To4AAAAJ,Shun Zheng,16
l8YDfhgAAAAJ,Jiahui Zhang,16
YwQIIGsAAAAJ,周倩,16
zfrkZyEAAAAJ,Rui Guo,16
W_zPCtEAAAAJ,Pei Ke,16
zpumSx0AAAAJ,Xing LIU,15
cP6dmVoAAAAJ,Han Chen,15
oaWkaRoAAAAJ,Yingchuan Zhang,15
vPXfIjUAAAAJ,Christine YL Luk,15
JENxi6sAAAAJ,Yinyan Liu,15
-K49HCEAAAAJ,Naitong Yu,15
2vNqdSEAAAAJ,Dong Yuan,15
8XcQHUEAAAAJ,Jiaxin Shi,15
nrFk-CwAAAAJ,Xunfeng Lu,15
cm1yzBcAAAAJ,Yixiong Yang,15
K71gbCEAAAAJ,Yang Cao (曹阳),15
uxJyjroAAAAJ,Yangbin Shao,15
DyxyNRYAAAAJ,Xiaoqiang Bei,15
kCZFTrAAAAAJ,Fanchao Qi,15
faIXk9EAAAAJ,Zipeng Ye,15
wIey4CMAAAAJ,Haoyue Tang,15
TNQB6s0AAAAJ,Patrice Monkam,15
Wo7B0WkAAAAJ,Rui-Xiao Zhang,15
JoT3xu8AAAAJ,Tianchi Huang,15
CrIV6WoAAAAJ,Pengfei Han,15
xrb-A3kAAAAJ,郑珏鹏（Juepeng Zheng）,15
MtgCi4UAAAAJ,Cong-Yu Zhang,14
IUDoicYAAAAJ,Xiu Li,14
gfczuWgAAAAJ,Quanxin Mei,14
yexx174AAAAJ,Zihao Fan,14
tS6jfFIAAAAJ,TianQiao Liu,14
p5F4mnUAAAAJ,Hanqing Zhang,14
VzDjxEcAAAAJ,周学思,14
-EA2NIcAAAAJ,Xingliang Zhang,14
StJArQ0AAAAJ,Kaiyuan Wang,14
8tX1_7UAAAAJ,Danzhen Zhang,14
eA1l25oAAAAJ,Quan Mao,14
ws6DwyYAAAAJ,Wenhao Li,14
jc5EEE8AAAAJ,Jin-Yu Zhang,14
IS7ptKAAAAAJ,Zheyu Wang,14
qHesM6MAAAAJ,元纪 蔡,13
EVhaHLIAAAAJ,Hong-Yu Ren,13
FdlwqUkAAAAJ,Zhengyang Song,13
nQwh_N0AAAAJ,Muhammad Irfan Fareed,13
pAgJsyQAAAAJ,Lingyue Zhang,13
QBK0D6QAAAAJ,Jin Wang,13
Jmlx3rkAAAAJ,Junaid Akram,13
EjTeqQUAAAAJ,Zhaoyue Xia,13
Vdrgj1oAAAAJ,Qingliang Meng,13
J-jcDKoAAAAJ,Chenxuan Yang,13
rRyivQ8AAAAJ,Qiuyu Lu,13
EYeqbdIAAAAJ,Yongchao Wang,13
goqprSAAAAAJ,Mengying Xue,12
uOo4U3YAAAAJ,Zhan Hu,12
V1Pd5BoAAAAJ,Jin Peng,12
mJaR26cAAAAJ,Zhi-Qiang Zhou,12
e83Fvv0AAAAJ,Shigang Lai,12
XDjDs-gAAAAJ,Jiancheng Li,12
sr0J1msAAAAJ,Enwei Zhu,12
fJMmOW0AAAAJ,Sanghai Guan,12
Y28Bz_0AAAAJ,Ruixu Zhou,12
Syn59QwAAAAJ,Siyang Li,12
Z5kvZbEAAAAJ,Dongbiao He,12
mf8fRFQAAAAJ,chaoyi han,12
pUsfqCgAAAAJ,Tianhan Gui,12
b-WkXf4AAAAJ,Wei Ji,12
il-F8YYAAAAJ,Tianyu Gao,12
Ke4w3KkAAAAJ,Kaichao You (游凯超),12
oCi9CMsAAAAJ,Guang Wang,12
UTZB-TYAAAAJ,Jing Li,12
oQ_tbtYAAAAJ,You Zhou,12
A7QsKzUAAAAJ,Tong Xia,12
HN7xEWkAAAAJ,Guo Zhi,12
6DmisOYAAAAJ,Shih-Han Sun,12
cL_nw14AAAAJ,HUO Zhuoxi,11
sY19bWgAAAAJ,Ming Ma,11
LaMNz-YAAAAJ,wu zhao,11
ujb-RpkAAAAJ,Lingxiao Wang (王凌霄),11
emK6rdYAAAAJ,Cong Wang,11
sbD_qR0AAAAJ,Wenyi Zhang,11
9fxHY9wAAAAJ,lei tang,11
qRLGv8IAAAAJ,Jinghuan Wen,11
JVSopA8AAAAJ,Jialong Li,11
kAWSNQ4AAAAJ,Caijin Zhou,11
yMTgqa0AAAAJ,Dong He,11
wDDoEI0AAAAJ,Huai Chen,11
mgWkx5UAAAAJ,Zheyan Shen,11
Zn-0LioAAAAJ,Jinxi Xiang (项进喜),11
Bpolrn0AAAAJ,Ning Dai,11
PRX4APYAAAAJ,Weihua He,11
m1kefHwAAAAJ,LI-KE MA,11
bSiQwcsAAAAJ,Han Ma,11
uuFw9v4AAAAJ,Hanbo Sun,11
kHUk-FIAAAAJ,Guoce Yang,11
Z27FC4oAAAAJ,Yang Deng,11
qyXuV2UAAAAJ,Yi Zhao,11
YlOKYg0AAAAJ,Xue Zhang,11
aWrXMKsAAAAJ,Qingyang Wang,10
OjYWJ3sAAAAJ,Lu Huang,10
6ilt2IgAAAAJ,Tianyi Hao,10
6yHW5M8AAAAJ,Hao Yang,10
y_FgYaAAAAAJ,ZHOU TIANKUANG,10
a9f7fekAAAAJ,Yang Gao,10
mSW7kU8AAAAJ,Yiming Li,10
Rxt3MgIAAAAJ,CHEN XU,10
2Z2IaFQAAAAJ,Chaoyi Zhu,10
GLiy5icAAAAJ,Qibin Chen,10
8zXo0KMAAAAJ,Teng Ma,10
0aHrHfkAAAAJ,Junqi Zhang,10
wWLC06AAAAAJ,Ruiqi Liu,10
Glxyj8sAAAAJ,Hechuan Jiang,10
sAn2eyQAAAAJ,Guangyi Chen,10
rMxcB-IAAAAJ,Tianxiang Pan,10
XNdFVMAAAAAJ,Ting-En (Tony) Lin,10
j7GX-70AAAAJ,Wei Sun,9
t28I6GIAAAAJ,Ke-Ji Chen,9
WpTrIAkAAAAJ,YANI ZUO,9
hkqe2aMAAAAJ,ling zhan,9
iLJl034AAAAJ,Zhenyi Gao,9
NXWqtg8AAAAJ,Chenghao Guo,9
b5OTXK4AAAAJ,MengJun Zhou,9
cnJmQZkAAAAJ,Meng Ren,9
KCTX-_0AAAAJ,Guoqiang Wu,9
99RqPq4AAAAJ,Rundong Gao,9
k4HR1AEAAAAJ,yi liu,8
p0N8An8AAAAJ,Min Yang,8
XrpRLPYAAAAJ,Xin Yao,8
34poGeIAAAAJ,Qiang Sun,8
hrBJWKAAAAAJ,Siyuan Li,8
HpPI1hEAAAAJ,Tariq Aziz,8
6OPclm4AAAAJ,Jiannan Gao,8
DjpXXZkAAAAJ,Xiaozhi Wang,8
3kHO4SAAAAAJ,Boyang Lu,8
Qm11tEEAAAAJ,Gang Rao,8
3xGn0usAAAAJ,Zhe Cui,8
UiLNLpkAAAAJ,Yangyang Meng,8
iS9R4FYAAAAJ,Min Wang,8
4QWziiUAAAAJ,Bohan Zhao,8
G6WPqe4AAAAJ,Luo Xu,8
BwLXovkAAAAJ,"Huey Wen, Lim",8
mcRGd0cAAAAJ,Rui Dong,8
BbECgbkAAAAJ,Keyang Li,8
6o5cIvkAAAAJ,Tianpeng Fan,8
MBVZbRMAAAAJ,Qingchun Hou,8
w2zl_dgAAAAJ,Dan Chen,8
c6hjNuwAAAAJ,Xinke Shen,8
zrvob5EAAAAJ,Yujuan Feng,8
CVVh3DIAAAAJ,Zhigang Li,8
ByDSRlAAAAAJ,Hao Yang,8
TW_YVPwAAAAJ,Kuan Li,7
ogQW7G4AAAAJ,Jiguo Qi,7
Sbcav58AAAAJ,Yin Li,7
HpqUrLsAAAAJ,Bin Cheng,7
1dh5WWUAAAAJ,Guangxing Han,7
vNsOzqQAAAAJ,huan wang,7
79u35OUAAAAJ,Yue Zhang,7
rPqAKUQAAAAJ,Chengwei Zhang,7
oam2ZBkAAAAJ,Ci Zhang,7
0FyWZPMAAAAJ,An Tao,7
WTnj1tYAAAAJ,Shuai Cheng,7
KEtj390AAAAJ,Feng Gao,7
BSfNow33EnYC,Yitian (Sky) Liang,7
PYehu7MAAAAJ,Yanshu Wang(王砚舒),7
LCjW058AAAAJ,Yukuo Cen,7
QuYfPxsAAAAJ,Yunsenxiao Lin,7
zB9fzRAAAAAJ,Yu Sun,7
N0bb1wEAAAAJ,Lijie Liu,7
IhZcc4EAAAAJ,Maomao Peng,7
Rnsawl0AAAAJ,Chen Qian,7
XalUZEoAAAAJ,Kefan Dong,7
EamcZ-kAAAAJ,Maoshen Sun,7
OjGhECcAAAAJ,Yitian Zeng,7
-zGaqv0AAAAJ,Zheyu Yang,7
Xzhqiw8AAAAJ,Lin Yang,6
ocjKy_gAAAAJ,Yang Yu,6
twrvFHoAAAAJ,Yanlong Sun,6
oWdpBMcAAAAJ,Yue Guan,6
aca2kfoAAAAJ,Chengze Fan,6
Tlc4yaMAAAAJ,Zichuan Lin,6
maZqCl8AAAAJ,Heng Shi 史恒,6
JzyzW3MAAAAJ,Liangrong Peng,6
hapf_2oAAAAJ,Kaiwen LI,6
R7eugjwAAAAJ,Wang Xuechun,6
w49z7L0AAAAJ,Ziyi Wang,6
FdQiLZoAAAAJ,Yihao Jia,6
hFRtPs4dCOoC,Xiong Fang,6
Ap8bG8oAAAAJ,Yubo Chen,6
fYQZ-MMAAAAJ,Zihao Dou,6
il-IuekAAAAJ,Yanwen Wei,6
zMAlv2kAAAAJ,Ziyu Wang,6
cVaTqicAAAAJ,Zeliang Guo,6
X6iQwB4AAAAJ,Licheng Wang,6
m1xKK-oAAAAJ,Jili Wei,6
qVxhGWUAAAAJ,Xinyang Chen,6
IsPF2fkAAAAJ,pengcheng wei,6
J1DJmeUAAAAJ,Dawit Simegnew Ali,6
yQAr668AAAAJ,Wang Chenfeng,6
4O062nwAAAAJ,Lin He,6
iuUesRcAAAAJ,Zhenhai Wang,6
wX1WASUAAAAJ,Jinsong Liu,6
YCIcfm0AAAAJ,Yujie Wang,5
kZfMK_EAAAAJ,Li Zhang,5
0K74WBYAAAAJ,Jiannan Xiao,5
c29Dh8oAAAAJ,Haitao Wang,5
fPpYVxUAAAAJ,Zhou Cheng,5
RbfGY1gAAAAJ,Haibo Wang,5
dxgwxoQAAAAJ,longqiang lai,5
QP-NVScAAAAJ,Jianning Li,5
mZwJLeUAAAAJ,Yutong Feng,5
oeLwWiQAAAAJ,Zan Zong (宗瓒),5
GkXK8oUAAAAJ,Lang Wang,5
L5wd34gAAAAJ,Rui li,5
82OQmiMAAAAJ,Hongshan Li,5
_eYCKv0AAAAJ,Hongyu Zhu,5
9sQbmZoAAAAJ,Luo He,5
MVaQZsoAAAAJ,Zhihao Jiang,5
yxz59NsAAAAJ,Jie Zhang,5
DagpNoQAAAAJ,Qiu-Liang Chen,5
dlQaHzkAAAAJ,Kunqi Wang,5
2NT0I8wAAAAJ,Jingkun Zhou,5
NsTuK-0AAAAJ,Zhongkai Yi,5
qkUx9f4AAAAJ,Xinzhi Zhang,5
zLAhq9IAAAAJ,Jingzhou Sun,5
2MgsdcoAAAAJ,Chen Liang,5
L83bqDcAAAAJ,Chongbo Sun,5
4dE2fiwAAAAJ,Imtiaz Ahmed,4
QL_tAPsAAAAJ,Yukun Zhao,4
TOMxKgsAAAAJ,Wenzhe Li,4
23GCpAIAAAAJ,Xiang Li,4
fC_QDgMAAAAJ,Yan Liao,4
OpIpYZMAAAAJ,QingQian He,4
Uac-_EoAAAAJ,Xintong Xu,4
gBP38gcAAAAJ,Yulin Wang,4
AZDtHrkAAAAJ,封帆,4
tPMrZBQAAAAJ,Syed Mudassir,4
J_5SVnQAAAAJ,Najeebullah Shah,4
OIT--AMAAAAJ,Guozhen Li,4
89-4nI4AAAAJ,Dafa Zhao,4
i6OZZbYAAAAJ,shiliu chen,4
1MjanHUAAAAJ,Haoyu Zhao,4
2AxinFUAAAAJ,Junye Yang,4
8NuCSwIAAAAJ,Wencong Yang,4
E5KktLQAAAAJ,Zhe WANG,4
I03QnrsAAAAJ,Wanhua Li,4
MeNSCpQAAAAJ,Pan qingyi,4
yoad2jgAAAAJ,Shao-Kui Zhang,4
E1P0JY4AAAAJ,Xinyang Li,4
KqjdC24AAAAJ,Kehong  Huang,4
sgf9UxEAAAAJ,贾良杰,3
Voja49MAAAAJ,Yang Yu,3
4PWYJ0QAAAAJ,Zhehao Ren,3
pOuWCHcAAAAJ,Lyujie Chen,3
u8vO14cAAAAJ,Kezhen Hui,3
djYpGOIAAAAJ,Suiyun Zhang,3
LKUmbO8AAAAJ,Boda Li,3
YFIr4PwAAAAJ,Zhouxing Shi,3
NY-X0gvmA2gC,Dingcheng Yang,3
pCP1Hu0AAAAJ,Xutong Zuo,3
P6b-2KcAAAAJ,Yang Liu,3
9N1L-e8AAAAJ,Shulang Lin,3
iHYOPxgAAAAJ,Kangcheng Wang,3
ud9LjYAAAAAJ,Fanli Liu,3
SoIUv1MAAAAJ,Yang Wu,3
Zc1oof4AAAAJ,Xirong Hu,3
A8x07E0AAAAJ,Zhengxiao Du,3
tdq58JoAAAAJ,Mingjin Wang,3
uxqdU3AAAAAJ,Duan Gao,3
pykefQMAAAAJ,Huang Muzhang,3
ojSVoWQAAAAJ,Huanan Zhao,3
-AR1yc4AAAAJ,Tonghan Wang,3
ba9oyvgAAAAJ,jiaqiang li,3
8FpFfxkAAAAJ,Tiankun Liu,3
1juiVRMAAAAJ,Junqi Zhang,2
Us5-Ut4AAAAJ,Jiaming Qiu,2
IplXnV8AAAAJ,Ou Chunhui,2
bzZYiBgAAAAJ,Zhu Deng,2
4I0UeXYAAAAJ,Ziyi Wu,2
IDvZ0CcAAAAJ,Wende Tan,2
i4M29U8AAAAJ,HaoCheng Ma,2
qkztwogAAAAJ,Rosilatul Zailani,2
NlohuwkAAAAJ,Weixin Wang,2
O0ValmYAAAAJ,Chen Luo; 罗晨,2
0SDDzEwAAAAJ,Leisheng Zhong,2
_6URW8cAAAAJ,马胜超,2
Y7yC1IAAAAAJ,Wanzhen He,2
bOk6BOkAAAAJ,Xiaosong Li,2
SHPT8v0AAAAJ,鲁博林,2
1m5WCk8AAAAJ,Zhenghao Fan,2
jT-pW-cAAAAJ,Ziteng Fan,2
turp61IAAAAJ,Yushuai Wu,2
xwudKb4AAAAJ,Yixuan Wei,2
iv8hG38AAAAJ,Xiaoyu Wang,2
s2NuIBgAAAAJ,Songlin Shi,2
qZXFEbMAAAAJ,Jiangpeng Yan,2
Q9k0u-EAAAAJ,Jinyue Jiang,2
Ve82AEsAAAAJ,LIUYU XIANG,2
iVFuIA8AAAAJ,Wei Zhang,2
VKI8EhUAAAAJ,Xiao Liu,2
gLCdw70AAAAJ,Shengyu Zhao,2
ayE4LewAAAAJ,Haoyu Ma,2
xgpMeDgAAAAJ,Zhizhou Ren,2
c_D6-fUAAAAJ,Jinzhi Huang,2
rf8Zh_0AAAAJ,张羽鹏,2
NtMHjJAAAAAJ,Hui Lu,2
imBjtQoAAAAJ,Yi Hu,2
0PpDl-8AAAAJ,Zijie Ye,2
APiHnPoAAAAJ,Ruijin Ding,2
njm-G8wAAAAJ,Yujia Qin,2
QhevLWQAAAAJ,Qing He,2
fiBjEYIAAAAJ,Mingyang Qian,2
fEmnbrIAAAAJ,Tao Yan,2
e9NeskoAAAAJ,Heng Chang,2
UhkR_KoAAAAJ,Xi Chen,2
fL1FZ-QAAAAJ,Ning Liu,2
sXlmlJEAAAAJ,pengju yang,1
r-H5o3YAAAAJ,Junfeng Huang,1
axc656YAAAAJ,Yuzhi JIN,1
z2KTE6UAAAAJ,Liyang Liu,1
3wTi84kAAAAJ,Jie Shao,1
A1iTaoQAAAAJ,Chen Yingzhuang,1
yHAKUBoAAAAJ,Zuxing Gu,1
y7xOEB4AAAAJ,YingXue Li,1
gNmMtGkAAAAJ,Senrui Chen,1
m60G01oAAAAJ,Wenwen Ye,1
oiulGQ0AAAAJ,Yunjie Yang,1
LO5_56sAAAAJ,Hongbin Liu,1
DweZxNkAAAAJ,Zhi Lu,1
ag_AP5gAAAAJ,Péter Garamvölgyi,1
h7epFZ4AAAAJ,Xin Yu,1
1SW7BusAAAAJ,Zhen Wu,1
5RknKxcAAAAJ,Andy Tao Li,1
HzxQ9GIAAAAJ,Fanglei Zheng,1
CGDSORIAAAAJ,Jia Chen,1
6_vM3e0AAAAJ,Zhengyuan Liu,1
-A_6GjEAAAAJ,Abdellah ESSAGHOURI,1
WPOafX8AAAAJ,Ruidian Song,1
3ijZUs4AAAAJ,柴一占,1
Pry-RHMAAAAJ,Yuejiang Li,1
4AkNIgcAAAAJ,Peng Xie,1
n_I7mokAAAAJ,Mingkun Xu,1
qHqQsY4AAAAJ,Hao Li,1
gTshPZcAAAAJ,Chen Wu,1
-cP3W-QAAAAJ,Fang Chen,1
7TTk5g4AAAAJ,Zhengxiong Luo,1
0_jpT2gAAAAJ,Rui Chen,1
LC-SxrMAAAAJ,Xinle Du,1
ZyaTRjsAAAAJ,Jiamin Cao,1
lfFhf5kAAAAJ,Feilong Zuo,1
eMLSTfoAAAAJ,Feiyu Jiang,1
MzU9f6cAAAAJ,Zhe Liu,1
qGp_cE8AAAAJ,Xin Mu,1
ea8lQZoAAAAJ,L Liu,1
reDJBPoAAAAJ,Julian Godding,1
PXgfQzwAAAAJ,Yuxuan Gu,1
NKGxXd8AAAAJ,Yue Liu,1
2uBaOyMAAAAJ,Muhammad Qasim Zafar,1
oRcLZbUAAAAJ,Jia Li (Rika),1
S1wSEggAAAAJ,Yiheng Lin,1
SYzhfTIAAAAJ,Luyao Dai,1
WJZwX2YAAAAJ,LIAN LIU,1
