"AuthorID"," CitationsAll"," CitationsS2014"," hIndexAll"," hIndexS2014"," i10IndexAll"," i10IndexS2014"," CoAuthorIDs"," CoAuthorNames","Description","DescriptionURLs"
WJPjaDgAAAAJ, 24169, 7710, 62, 38, 198, 99, , , Professor of Electrical Engineering,  | EURECOM | Verified email at eurecom.fr -  | Homepage | Communications | signal processing | information theory | machine learning | Unmanned Aerial Vehicles, /citations?view_op=view_org&hl=en&oe=ASCII&org=7868974552293588111 | http://www.eurecom.fr/cm/gesbert | /citations?view_op=search_authors&hl=en&oe=ASCII&mauthors=label:communications | /citations?view_op=search_authors&hl=en&oe=ASCII&mauthors=label:signal_processing | /citations?view_op=search_authors&hl=en&oe=ASCII&mauthors=label:information_theory | /citations?view_op=search_authors&hl=en&oe=ASCII&mauthors=label:machine_learning | /citations?view_op=search_authors&hl=en&oe=ASCII&mauthors=label:unmanned_aerial_vehicles
YMfR1SIAAAAJ, 11374, 1814, 54, 22, 136, 50, , , Unknown affiliation | Verified email at eurecom.fr -  | Homepage | Networking, http://e-biersack.eu/ | /citations?view_op=search_authors&hl=en&oe=ASCII&mauthors=label:networking
jE-78dsAAAAJ, 7294, 2285, 32, 22, 97, 51, , , Professor in Communication Systems,  | EURECOM | Verified email at eurecom.fr | Electrical Engineering, /citations?view_op=view_org&hl=en&oe=ASCII&org=7868974552293588111 | /citations?view_op=search_authors&hl=en&oe=ASCII&mauthors=label:electrical_engineering
ZhQ0CxsAAAAJ, 6390, 3899, 40, 32, 71, 64, , , Professor,  | Eurecom | Verified email at eurecom.fr -  | Homepage | Computer Security, /citations?view_op=view_org&hl=en&oe=ASCII&org=7868974552293588111 | http://s3.eurecom.fr/~balzarot | /citations?view_op=search_authors&hl=en&oe=ASCII&mauthors=label:computer_security
ACeJK4AAAAAJ, 6632, 3564, 35, 28, 116, 74, , , professeur émérite   | EURECOM | Verified email at eurecom.fr -  | Homepage | Réseaux Mobiles | IoT, /citations?view_op=view_org&hl=en&oe=ASCII&org=7868974552293588111 | http://www.eurecom.fr/en/people/bonnet-christian | /citations?view_op=search_authors&hl=en&oe=ASCII&mauthors=label:r%C3%A9seaux_mobiles | /citations?view_op=search_authors&hl=en&oe=ASCII&mauthors=label:iot
giEvvDUAAAAJ, 6159, 3862, 37, 29, 66, 53, , , Lion Cave Capital (formerly at AT&T Labs - Research) | Verified email at eurecom.fr -  | Homepage | IP traffic & performance analysis and optimization, http://www.linkedin.com/in/alexandregerber | /citations?view_op=search_authors&hl=en&oe=ASCII&mauthors=label:ip_traffic_%26_performance_analysis_and_optimization
WVLr6NYAAAAJ, 11137, 4694, 37, 30, 70, 57, , , Associate Professor in Communication Systems Dept.,  | EURECOM | , France | Verified email at eurecom.fr -  | Homepage | Performance Analysis | Wireless Networks | Social Networks | Optimization | Machine Learning, /citations?view_op=view_org&hl=en&oe=ASCII&org=7868974552293588111 | http://www.eurecom.fr/~spyropou/ | /citations?view_op=search_authors&hl=en&oe=ASCII&mauthors=label:performance_analysis | /citations?view_op=search_authors&hl=en&oe=ASCII&mauthors=label:wireless_networks | /citations?view_op=search_authors&hl=en&oe=ASCII&mauthors=label:social_networks | /citations?view_op=search_authors&hl=en&oe=ASCII&mauthors=label:optimization | /citations?view_op=search_authors&hl=en&oe=ASCII&mauthors=label:machine_learning
QG9iXtUAAAAJ, 9380, 6328, 43, 34, 105, 81, , , Associate Professor in Communication Systems,  | EURECOM | , France | Verified email at eurecom.fr | Wireless Communications & Networking - Communication Theory - Deep Learning, /citations?view_op=view_org&hl=en&oe=ASCII&org=7868974552293588111 | /citations?view_op=search_authors&hl=en&oe=ASCII&mauthors=label:wireless_communications_%26_networking_communication_theory_deep_learning
KufrHlgAAAAJ, 8867, 2332, 43, 22, 105, 52, , , Professor  | EURECOM | Verified email at eurecom.fr | computer science | computer security | communications | networking | cryptography, /citations?view_op=view_org&hl=en&oe=ASCII&org=7868974552293588111 | /citations?view_op=search_authors&hl=en&oe=ASCII&mauthors=label:computer_science | /citations?view_op=search_authors&hl=en&oe=ASCII&mauthors=label:computer_security | /citations?view_op=search_authors&hl=en&oe=ASCII&mauthors=label:communications | /citations?view_op=search_authors&hl=en&oe=ASCII&mauthors=label:networking | /citations?view_op=search_authors&hl=en&oe=ASCII&mauthors=label:cryptography
xV6lEzEAAAAJ, 8693, 2397, 42, 18, 149, 42, , , Professor Statistical Signal Processing,  | EURECOM | Verified email at eurecom.fr -  | Homepage | statistical signal processing | wireless communications | information theory | audio, /citations?view_op=view_org&hl=en&oe=ASCII&org=7868974552293588111 | http://www.eurecom.fr/en/people/slock-dirk | /citations?view_op=search_authors&hl=en&oe=ASCII&mauthors=label:statistical_signal_processing | /citations?view_op=search_authors&hl=en&oe=ASCII&mauthors=label:wireless_communications | /citations?view_op=search_authors&hl=en&oe=ASCII&mauthors=label:information_theory | /citations?view_op=search_authors&hl=en&oe=ASCII&mauthors=label:audio
VGK3IyUAAAAJ, 6874, 3376, 41, 29, 140, 82, , , Professor, Imaging Security,  | EURECOM | Verified email at eurecom.fr -  | Homepage | Biometrics | Video Surveillance | Image Forensics | Pattern Recognition | 3D Image Processing, /citations?view_op=view_org&hl=en&oe=ASCII&org=7868974552293588111 | http://www.eurecom.fr/~dugelay | /citations?view_op=search_authors&hl=en&oe=ASCII&mauthors=label:biometrics | /citations?view_op=search_authors&hl=en&oe=ASCII&mauthors=label:video_surveillance | /citations?view_op=search_authors&hl=en&oe=ASCII&mauthors=label:image_forensics | /citations?view_op=search_authors&hl=en&oe=ASCII&mauthors=label:pattern_recognition | /citations?view_op=search_authors&hl=en&oe=ASCII&mauthors=label:3d_image_processing
-_Ch8uoAAAAJ, 4247, 3230, 31, 26, 77, 54, , , Associate Professor in Audio Security and Privacy,  | EURECOM | , France | Verified email at eurecom.fr -  | Homepage | speaker recognition | anti-spoofing | presentation attack detection | privacy preservation | biometrics, /citations?view_op=view_org&hl=en&oe=ASCII&org=7868974552293588111 | http://www.eurecom.fr/~evans/ | /citations?view_op=search_authors&hl=en&oe=ASCII&mauthors=label:speaker_recognition | /citations?view_op=search_authors&hl=en&oe=ASCII&mauthors=label:anti_spoofing | /citations?view_op=search_authors&hl=en&oe=ASCII&mauthors=label:presentation_attack_detection | /citations?view_op=search_authors&hl=en&oe=ASCII&mauthors=label:privacy_preservation | /citations?view_op=search_authors&hl=en&oe=ASCII&mauthors=label:biometrics
U6YFwO4AAAAJ, 5221, 3986, 37, 32, 90, 76, , , Professor,  | Eurecom | Verified email at eurecom.fr | Network protocols/architecture | performance evaluation, /citations?view_op=view_org&hl=en&oe=ASCII&org=7868974552293588111 | /citations?view_op=search_authors&hl=en&oe=ASCII&mauthors=label:network_protocols_architecture | /citations?view_op=search_authors&hl=en&oe=ASCII&mauthors=label:performance_evaluation
GhCcwsoAAAAJ, 3571, 715, 27, 13, 74, 18, , , Professor | Verified email at eurecom.fr -  | Homepage | Machine Learning, https://www.eurecom.fr/en/people/merialdo-bernard | /citations?view_op=search_authors&hl=en&oe=ASCII&mauthors=label:machine_learning
YwoezYX7JVgJ, 2352, 1682, 25, 22, 51, 42, , , Assist. Professor at  | Eurecom | Verified email at eurecom.fr -  | Homepage | Data Management, /citations?view_op=view_org&hl=en&oe=ASCII&org=7868974552293588111 | http://www.eurecom.fr/~papotti | /citations?view_op=search_authors&hl=en&oe=ASCII&mauthors=label:data_management
V62JMEYAAAAJ, 5576, 1682, 33, 22, 65, 40, , , Eurecom | Verified email at eurecom.fr -  | Homepage | computer security | dependability | intrusion detection, /citations?view_op=view_org&hl=en&oe=ASCII&org=7868974552293588111 | http://www.eurecom.fr/en/people/dacier-marc | /citations?view_op=search_authors&hl=en&oe=ASCII&mauthors=label:computer_security | /citations?view_op=search_authors&hl=en&oe=ASCII&mauthors=label:dependability | /citations?view_op=search_authors&hl=en&oe=ASCII&mauthors=label:intrusion_detection
Z7KKIlsAAAAJ, 2273, 1272, 25, 20, 50, 34, , , EURECOM | Verified email at eurecom.fr -  | Homepage | Video summarization | Multimedia retrieval | Multimedia processing | Image processing | Computer vision, /citations?view_op=view_org&hl=en&oe=ASCII&org=7868974552293588111 | https://sites.google.com/site/yingboliweb/ | /citations?view_op=search_authors&hl=en&oe=ASCII&mauthors=label:video_summarization | /citations?view_op=search_authors&hl=en&oe=ASCII&mauthors=label:multimedia_retrieval | /citations?view_op=search_authors&hl=en&oe=ASCII&mauthors=label:multimedia_processing | /citations?view_op=search_authors&hl=en&oe=ASCII&mauthors=label:image_processing | /citations?view_op=search_authors&hl=en&oe=ASCII&mauthors=label:computer_vision
2nKaJagAAAAJ, 3238, 2512, 24, 23, 42, 37, , , Professor,  | EURECOM | Verified email at eurecom.fr -  | Homepage | computer security | embedded systems | telephony fraud, /citations?view_op=view_org&hl=en&oe=ASCII&org=7868974552293588111 | http://s3.eurecom.fr/~aurel/ | /citations?view_op=search_authors&hl=en&oe=ASCII&mauthors=label:computer_security | /citations?view_op=search_authors&hl=en&oe=ASCII&mauthors=label:embedded_systems | /citations?view_op=search_authors&hl=en&oe=ASCII&mauthors=label:telephony_fraud
QSAclH8AAAAJ, 4930, 2554, 30, 25, 61, 47, , , Associate Professor,  | EURECOM | Verified email at eurecom.fr | Vehicular communication and networks | High precision positioning | Traffic modeling | ITS, /citations?view_op=view_org&hl=en&oe=ASCII&org=7868974552293588111 | /citations?view_op=search_authors&hl=en&oe=ASCII&mauthors=label:vehicular_communication_and_networks | /citations?view_op=search_authors&hl=en&oe=ASCII&mauthors=label:high_precision_positioning | /citations?view_op=search_authors&hl=en&oe=ASCII&mauthors=label:traffic_modeling | /citations?view_op=search_authors&hl=en&oe=ASCII&mauthors=label:its
mlx1eCgAAAAJ, 5476, 1611, 30, 18, 51, 34, , , EURECOM | Verified email at eurecom.fr -  | Homepage | Algorithms | Distributed Systems | Machine Learning | Data Management, /citations?view_op=view_org&hl=en&oe=ASCII&org=7868974552293588111 | http://www.eurecom.fr/~michiard | /citations?view_op=search_authors&hl=en&oe=ASCII&mauthors=label:algorithms | /citations?view_op=search_authors&hl=en&oe=ASCII&mauthors=label:distributed_systems | /citations?view_op=search_authors&hl=en&oe=ASCII&mauthors=label:machine_learning | /citations?view_op=search_authors&hl=en&oe=ASCII&mauthors=label:data_management
1BxhcigAAAAJ, 4501, 2408, 33, 23, 91, 51, , , Associate Professor of Computer Science,  | EURECOM | Verified email at eurecom.fr -  | Homepage | Artificial Intelligence | Semantic Web | Natural Language Processing | Knowledge Graph | RecSys, /citations?view_op=view_org&hl=en&oe=ASCII&org=7868974552293588111 | http://www.eurecom.fr/~troncy/ | /citations?view_op=search_authors&hl=en&oe=ASCII&mauthors=label:artificial_intelligence | /citations?view_op=search_authors&hl=en&oe=ASCII&mauthors=label:semantic_web | /citations?view_op=search_authors&hl=en&oe=ASCII&mauthors=label:natural_language_processing | /citations?view_op=search_authors&hl=en&oe=ASCII&mauthors=label:knowledge_graph | /citations?view_op=search_authors&hl=en&oe=ASCII&mauthors=label:recsys
uNoaxDIAAAAJ, 3945, 2913, 30, 28, 80, 65, , , Professor, Communication System Department,  | Eurecom | Verified email at eurecom.fr -  | Homepage | 4G-5G RAN and CN | SDN | NFV | MEC for Mobile Networks | Experimental Platforms, /citations?view_op=view_org&hl=en&oe=ASCII&org=7868974552293588111 | http://www.eurecom.fr/~nikaeinn | /citations?view_op=search_authors&hl=en&oe=ASCII&mauthors=label:4g_5g_ran_and_cn | /citations?view_op=search_authors&hl=en&oe=ASCII&mauthors=label:sdn | /citations?view_op=search_authors&hl=en&oe=ASCII&mauthors=label:nfv | /citations?view_op=search_authors&hl=en&oe=ASCII&mauthors=label:mec_for_mobile_networks | /citations?view_op=search_authors&hl=en&oe=ASCII&mauthors=label:experimental_platforms
VZAKIt4AAAAJ, 2147, 922, 24, 16, 42, 24, , , Professor, Communication Systems Department,  | Eurecom | Verified email at eurecom.fr -  | Homepage | Caching | Wireless Communications | Information Theory, /citations?view_op=view_org&hl=en&oe=ASCII&org=7868974552293588111 | http://www.eurecom.fr/~elia/ | /citations?view_op=search_authors&hl=en&oe=ASCII&mauthors=label:caching | /citations?view_op=search_authors&hl=en&oe=ASCII&mauthors=label:wireless_communications | /citations?view_op=search_authors&hl=en&oe=ASCII&mauthors=label:information_theory
R1R9668AAAAJ, 1691, 969, 21, 15, 45, 31, , , Assistant Professor,  | Eurecom | Verified email at eurecom.fr -  | Homepage | Signal Processing | Mobile Communications | Channel Modeling, /citations?view_op=view_org&hl=en&oe=ASCII&org=7868974552293588111 | http://www.eurecom.fr/~kaltenbe/ | /citations?view_op=search_authors&hl=en&oe=ASCII&mauthors=label:signal_processing | /citations?view_op=search_authors&hl=en&oe=ASCII&mauthors=label:mobile_communications | /citations?view_op=search_authors&hl=en&oe=ASCII&mauthors=label:channel_modeling
VD4Y0rRTK24C, 2062, 1949, 23, 23, 45, 42, , , Research Engineer,  | EURECOM | Verified email at eurecom.fr -  | Homepage | IoT | WoT | MEC | Cybersecurity, /citations?view_op=view_org&hl=en&oe=ASCII&org=7868974552293588111 | https://sites.google.com/site/skdunfolded | /citations?view_op=search_authors&hl=en&oe=ASCII&mauthors=label:iot | /citations?view_op=search_authors&hl=en&oe=ASCII&mauthors=label:wot | /citations?view_op=search_authors&hl=en&oe=ASCII&mauthors=label:mec | /citations?view_op=search_authors&hl=en&oe=ASCII&mauthors=label:cybersecurity
v9-OixsAAAAJ, 2016, 1927, 21, 20, 25, 25, , , Assistant Professor,  | EURECOM | Verified email at eurecom.fr -  | Homepage | Mobile Security | Computer Security & Privacy, /citations?view_op=view_org&hl=en&oe=ASCII&org=7868974552293588111 | https://reyammer.io/ | /citations?view_op=search_authors&hl=en&oe=ASCII&mauthors=label:mobile_security | /citations?view_op=search_authors&hl=en&oe=ASCII&mauthors=label:computer_security_%26_privacy
m5JUU1UAAAAJ, 1237, 1072, 17, 15, 26, 18, , , Senior research fellow in Audio Security and Privacy,  | EURECOM | , France | Verified email at eurecom.fr -  | Homepage | statistical signal processing | machine learning | anti-spoofing | privacy preservation | biometrics, /citations?view_op=view_org&hl=en&oe=ASCII&org=7868974552293588111 | http://www.massimilianotodisco.eu/ | /citations?view_op=search_authors&hl=en&oe=ASCII&mauthors=label:statistical_signal_processing | /citations?view_op=search_authors&hl=en&oe=ASCII&mauthors=label:machine_learning | /citations?view_op=search_authors&hl=en&oe=ASCII&mauthors=label:anti_spoofing | /citations?view_op=search_authors&hl=en&oe=ASCII&mauthors=label:privacy_preservation | /citations?view_op=search_authors&hl=en&oe=ASCII&mauthors=label:biometrics
ILUeAloAAAAJ, 2161, 1414, 23, 19, 34, 27, , , Associate Professor -  | EURECOM | Verified email at eurecom.fr -  | Homepage | Bayesian Inference | Pattern Recognition | Computational Statistics, /citations?view_op=view_org&hl=en&oe=ASCII&org=7868974552293588111 | http://www.eurecom.fr/~filippon/index.html | /citations?view_op=search_authors&hl=en&oe=ASCII&mauthors=label:bayesian_inference | /citations?view_op=search_authors&hl=en&oe=ASCII&mauthors=label:pattern_recognition | /citations?view_op=search_authors&hl=en&oe=ASCII&mauthors=label:computational_statistics
e2aPEm0AAAAJ, 1236, 1091, 8, 8, 8, 8, , , Professor, Huazhong University of Science & Technology. Previous: Huawei | Verified email at eurecom.fr -  | Homepage | Massive MIMO | 5G+/6G | AI | Wireless Communications | Signal Processing, http://haifanyin.cn/ | /citations?view_op=search_authors&hl=en&oe=ASCII&mauthors=label:massive_mimo | /citations?view_op=search_authors&hl=en&oe=ASCII&mauthors=label:5g%2B_6g | /citations?view_op=search_authors&hl=en&oe=ASCII&mauthors=label:ai | /citations?view_op=search_authors&hl=en&oe=ASCII&mauthors=label:wireless_communications | /citations?view_op=search_authors&hl=en&oe=ASCII&mauthors=label:signal_processing
dD1QPWQAAAAJ, 1189, 525, 12, 8, 19, 8, , , Research Scientist, IBM Research India, IEEE Senior Member | Verified email at eurecom.fr -  | Homepage | Speech Recognition | LVCSR | Speech Analytics | Speech Processing | Machine Learning, https://researcher.ibm.com/researcher/view.php?person=in-vivetyag | /citations?view_op=search_authors&hl=en&oe=ASCII&mauthors=label:speech_recognition | /citations?view_op=search_authors&hl=en&oe=ASCII&mauthors=label:lvcsr | /citations?view_op=search_authors&hl=en&oe=ASCII&mauthors=label:speech_analytics | /citations?view_op=search_authors&hl=en&oe=ASCII&mauthors=label:speech_processing | /citations?view_op=search_authors&hl=en&oe=ASCII&mauthors=label:machine_learning
KdPSGmAAAAAJ, 2153, 901, 26, 15, 65, 25, , , Assistant Professor (HDR),  | EURECOM | Verified email at eurecom.fr -  | Homepage | Multimedia Understanding | Multimodal Fusion | Socially-Aware Multimedia | Deep Learning | Video Hyperlinking, /citations?view_op=view_org&hl=en&oe=ASCII&org=7868974552293588111 | http://www.eurecom.fr/~huet | /citations?view_op=search_authors&hl=en&oe=ASCII&mauthors=label:multimedia_understanding | /citations?view_op=search_authors&hl=en&oe=ASCII&mauthors=label:multimodal_fusion | /citations?view_op=search_authors&hl=en&oe=ASCII&mauthors=label:socially_aware_multimedia | /citations?view_op=search_authors&hl=en&oe=ASCII&mauthors=label:deep_learning | /citations?view_op=search_authors&hl=en&oe=ASCII&mauthors=label:video_hyperlinking
fhZZes4AAAAJ, 656, 572, 5, 5, 5, 5, , , PhD Candidate,  | EURECOM | Verified email at eurecom.fr | Embedded Systems Security, /citations?view_op=view_org&hl=en&oe=ASCII&org=7868974552293588111 | /citations?view_op=search_authors&hl=en&oe=ASCII&mauthors=label:embedded_systems_security
zRm_e1kAAAAJ, 792, 518, 11, 8, 12, 7, , , EURECOM | Verified email at eurecom.fr | Speaker Diarization, /citations?view_op=view_org&hl=en&oe=ASCII&org=7868974552293588111 | /citations?view_op=search_authors&hl=en&oe=ASCII&mauthors=label:speaker_diarization
mtZFRlwAAAAJ, 801, 598, 7, 7, 5, 3, , , Eurecom | Verified email at eurecom.fr | computer science | systems | distributed systems | embedded | networking, /citations?view_op=view_org&hl=en&oe=ASCII&org=7868974552293588111 | /citations?view_op=search_authors&hl=en&oe=ASCII&mauthors=label:computer_science | /citations?view_op=search_authors&hl=en&oe=ASCII&mauthors=label:systems | /citations?view_op=search_authors&hl=en&oe=ASCII&mauthors=label:distributed_systems | /citations?view_op=search_authors&hl=en&oe=ASCII&mauthors=label:embedded | /citations?view_op=search_authors&hl=en&oe=ASCII&mauthors=label:networking
ckJGoY4AAAAJ, 551, 187, 12, 8, 15, 6, , , Avaloq Evolution AG | Verified email at eurecom.fr, 
2HtOK_IAAAAJ, 936, 737, 9, 9, 9, 9, , , EURECOM | Verified email at eurecom.fr | computer and web security, /citations?view_op=view_org&hl=en&oe=ASCII&org=7868974552293588111 | /citations?view_op=search_authors&hl=en&oe=ASCII&mauthors=label:computer_and_web_security
3GMfJykAAAAJ, 625, 497, 9, 9, 9, 9, , , Google | Verified email at eurecom.fr | Image Analysis | Facial Recognition, /citations?view_op=search_authors&hl=en&oe=ASCII&mauthors=label:image_analysis | /citations?view_op=search_authors&hl=en&oe=ASCII&mauthors=label:facial_recognition
tJSbIrMAAAAJ, 522, 368, 10, 10, 13, 11, , , Senior researcher, Mantu R& D Artificial Intelligence Lab | Verified email at mantu.com | Machine Learning | Natural Language Processing, /citations?view_op=search_authors&hl=en&oe=ASCII&mauthors=label:machine_learning | /citations?view_op=search_authors&hl=en&oe=ASCII&mauthors=label:natural_language_processing
0SaJdxQAAAAJ, 1008, 800, 16, 14, 24, 20, , , EURECOM | Verified email at eurecom.fr, /citations?view_op=view_org&hl=en&oe=ASCII&org=7868974552293588111
1Ku9GUkAAAAJ, 437, 415, 10, 10, 10, 10, , , EURECOM | Verified email at eurecom.fr -  | Homepage | biometrics, /citations?view_op=view_org&hl=en&oe=ASCII&org=7868974552293588111 | http://www.eurecom.fr/~galdi/ | /citations?view_op=search_authors&hl=en&oe=ASCII&mauthors=label:biometrics
WIIJqx0AAAAJ, 285, 261, 3, 3, 1, 1, , , PhD student,  | EURECOM | Verified email at eurecom.fr -  | Homepage, /citations?view_op=view_org&hl=en&oe=ASCII&org=7868974552293588111 | http://www.s3.eurecom.fr/~seba/
1ZHaZhsAAAAJ, 263, 241, 9, 9, 7, 7, , , EURECOM | Verified email at eurecom.fr, /citations?view_op=view_org&hl=en&oe=ASCII&org=7868974552293588111
-BFEdeMAAAAJ, 483, 298, 10, 8, 11, 8, , , Hefei University of Technology, China | Verified email at eurecom.fr | social media | data mining, /citations?view_op=search_authors&hl=en&oe=ASCII&mauthors=label:social_media | /citations?view_op=search_authors&hl=en&oe=ASCII&mauthors=label:data_mining
9HWunwcAAAAJ, 491, 214, 7, 7, 5, 5, , , CEVA | Verified email at eurecom.fr -  | Homepage | Signal Processing | Location Estimation | Indoor Localization | Array Processing | WiFi, http://www.eurecom.fr/en/people/bazzi-ahmad | /citations?view_op=search_authors&hl=en&oe=ASCII&mauthors=label:signal_processing | /citations?view_op=search_authors&hl=en&oe=ASCII&mauthors=label:location_estimation | /citations?view_op=search_authors&hl=en&oe=ASCII&mauthors=label:indoor_localization | /citations?view_op=search_authors&hl=en&oe=ASCII&mauthors=label:array_processing | /citations?view_op=search_authors&hl=en&oe=ASCII&mauthors=label:wifi
E1w-IdkAAAAJ, 215, 57, 7, 3, 4, 1, , , Design Engineer at ASELSAN A.Ş. | Verified email at eurecom.fr | Communications | Information Theory | Digital Signal Processing, /citations?view_op=search_authors&hl=en&oe=ASCII&mauthors=label:communications | /citations?view_op=search_authors&hl=en&oe=ASCII&mauthors=label:information_theory | /citations?view_op=search_authors&hl=en&oe=ASCII&mauthors=label:digital_signal_processing
BSPm51gAAAAJ, 217, 176, 7, 6, 6, 4, , , Ph.D. | Verified email at eurecom.fr | Psychoacoustics | Signal & Speech processing, /citations?view_op=search_authors&hl=en&oe=ASCII&mauthors=label:psychoacoustics | /citations?view_op=search_authors&hl=en&oe=ASCII&mauthors=label:signal_%26_speech_processing
47beUDAAAAAJ, 458, 346, 10, 8, 13, 7, , , Assistant Professor | Verified email at eurecom.fr -  | Homepage | Storage Systems | Operating Systems | Distributed Systems | Reliable Systems | Database systems, http://www.eurecom.fr/en/people/appuswamy-raja | /citations?view_op=search_authors&hl=en&oe=ASCII&mauthors=label:storage_systems | /citations?view_op=search_authors&hl=en&oe=ASCII&mauthors=label:operating_systems | /citations?view_op=search_authors&hl=en&oe=ASCII&mauthors=label:distributed_systems | /citations?view_op=search_authors&hl=en&oe=ASCII&mauthors=label:reliable_systems | /citations?view_op=search_authors&hl=en&oe=ASCII&mauthors=label:database_systems
yRpnAvAAAAAJ, 426, 314, 11, 10, 16, 10, , , EURECOM | Verified email at eurecom.fr | Propagation | Channel modeling | Wireless Communications, /citations?view_op=view_org&hl=en&oe=ASCII&org=7868974552293588111 | /citations?view_op=search_authors&hl=en&oe=ASCII&mauthors=label:propagation | /citations?view_op=search_authors&hl=en&oe=ASCII&mauthors=label:channel_modeling | /citations?view_op=search_authors&hl=en&oe=ASCII&mauthors=label:wireless_communications
xRXZPg4AAAAJ, 263, 219, 6, 5, 5, 5, , , EURECOM | Verified email at eurecom.fr, /citations?view_op=view_org&hl=en&oe=ASCII&org=7868974552293588111
JXR2glQAAAAJ, 232, 231, 6, 6, 5, 5, , , EURECOM | Verified email at eurecom.fr | Wireless Communications | Network Protocols, /citations?view_op=view_org&hl=en&oe=ASCII&org=7868974552293588111 | /citations?view_op=search_authors&hl=en&oe=ASCII&mauthors=label:wireless_communications | /citations?view_op=search_authors&hl=en&oe=ASCII&mauthors=label:network_protocols
YY37C-4AAAAJ, 216, 127, 9, 7, 8, 4, , , Eurecom | Verified email at eurecom.fr -  | Homepage | Web Semantic | Multimedia | Linked Data, /citations?view_op=view_org&hl=en&oe=ASCII&org=7868974552293588111 | http://www.eurecom.fr/en/people/redondo-garcia-jose-luis/biography | /citations?view_op=search_authors&hl=en&oe=ASCII&mauthors=label:web_semantic | /citations?view_op=search_authors&hl=en&oe=ASCII&mauthors=label:multimedia | /citations?view_op=search_authors&hl=en&oe=ASCII&mauthors=label:linked_data
XSnZzV8AAAAJ, 215, 39, 5, 3, 5, 2, , , Technicolor, Paris and Eurecom, Sophia Antipolis | Verified email at eurecom.fr | Online Gaming | Distributed Systems | Peer-to-peer networks, /citations?view_op=search_authors&hl=en&oe=ASCII&mauthors=label:online_gaming | /citations?view_op=search_authors&hl=en&oe=ASCII&mauthors=label:distributed_systems | /citations?view_op=search_authors&hl=en&oe=ASCII&mauthors=label:peer_to_peer_networks
7QWkt_QAAAAJ, 165, 159, 7, 7, 7, 7, , , PHD Student,  | Eurecom | Verified email at eurecom.fr | Semantic Web | Machine Learning | Natural Language Processing | Named Entities Recognition, /citations?view_op=view_org&hl=en&oe=ASCII&org=7868974552293588111 | /citations?view_op=search_authors&hl=en&oe=ASCII&mauthors=label:semantic_web | /citations?view_op=search_authors&hl=en&oe=ASCII&mauthors=label:machine_learning | /citations?view_op=search_authors&hl=en&oe=ASCII&mauthors=label:natural_language_processing | /citations?view_op=search_authors&hl=en&oe=ASCII&mauthors=label:named_entities_recognition
UjiqQ1UAAAAJ, 209, 80, 6, 5, 6, 2, , , Post Doc,  | EURECOM | Verified email at eurecom.fr, /citations?view_op=view_org&hl=en&oe=ASCII&org=7868974552293588111
hnUI9G8AAAAJ, 178, 151, 4, 3, 4, 3, , , PhD student in Networking and Security,  | Eurecom | Verified email at eurecom.fr | Computer security | Spam | Cyber crime, /citations?view_op=view_org&hl=en&oe=ASCII&org=7868974552293588111 | /citations?view_op=search_authors&hl=en&oe=ASCII&mauthors=label:computer_security | /citations?view_op=search_authors&hl=en&oe=ASCII&mauthors=label:spam | /citations?view_op=search_authors&hl=en&oe=ASCII&mauthors=label:cyber_crime
BDkGDIIAAAAJ, 147, 146, 7, 7, 4, 4, , , PhD Student,  | EURECOM |  (Sorbonne University) | Verified email at eurecom.fr -  | Homepage | power adaption | performance analysis | stochastic geometry | caching, /citations?view_op=view_org&hl=en&oe=ASCII&org=7868974552293588111 | https://ctl.kaust.edu.sa/Pages/Hui_Zhao.aspx | /citations?view_op=search_authors&hl=en&oe=ASCII&mauthors=label:power_adaption | /citations?view_op=search_authors&hl=en&oe=ASCII&mauthors=label:performance_analysis | /citations?view_op=search_authors&hl=en&oe=ASCII&mauthors=label:stochastic_geometry | /citations?view_op=search_authors&hl=en&oe=ASCII&mauthors=label:caching
VP4UdWcAAAAJ, 180, 177, 3, 3, 3, 3, , , PhD Student,  | EURECOM | Verified email at eurecom.fr -  | Homepage | Cloud Computing | Cryptography | Computer Security | IaaS, /citations?view_op=view_org&hl=en&oe=ASCII&org=7868974552293588111 | http://www.pasqualepuzio.it/ | /citations?view_op=search_authors&hl=en&oe=ASCII&mauthors=label:cloud_computing | /citations?view_op=search_authors&hl=en&oe=ASCII&mauthors=label:cryptography | /citations?view_op=search_authors&hl=en&oe=ASCII&mauthors=label:computer_security | /citations?view_op=search_authors&hl=en&oe=ASCII&mauthors=label:iaas
PxspKlcAAAAJ, 142, 142, 5, 5, 2, 2, , , PhD,  | Eurecom Institut | , Telecom ParisTech | Verified email at eurecom.fr | Machine Learning | Audio Signal | Acoustics | Acoustic Scene Recognition, /citations?view_op=view_org&hl=en&oe=ASCII&org=7868974552293588111 | /citations?view_op=search_authors&hl=en&oe=ASCII&mauthors=label:machine_learning | /citations?view_op=search_authors&hl=en&oe=ASCII&mauthors=label:audio_signal | /citations?view_op=search_authors&hl=en&oe=ASCII&mauthors=label:acoustics | /citations?view_op=search_authors&hl=en&oe=ASCII&mauthors=label:acoustic_scene_recognition
h6lS64cAAAAJ, 187, 59, 6, 5, 4, 3, , , Eurecom | Verified email at eurecom.fr | Networking, /citations?view_op=view_org&hl=en&oe=ASCII&org=7868974552293588111 | /citations?view_op=search_authors&hl=en&oe=ASCII&mauthors=label:networking
VvzWThIAAAAJ, 145, 145, 2, 2, 1, 1, , , EURECOM | Verified email at eurecom.fr | Computer Security, /citations?view_op=view_org&hl=en&oe=ASCII&org=7868974552293588111 | /citations?view_op=search_authors&hl=en&oe=ASCII&mauthors=label:computer_security
-ZLH1FIAAAAJ, 156, 155, 8, 8, 6, 6, , , EURECOM | Verified email at eurecom.fr | Audio Security and Privacy | Speaker Recognition | Bayesian Inference, /citations?view_op=view_org&hl=en&oe=ASCII&org=7868974552293588111 | /citations?view_op=search_authors&hl=en&oe=ASCII&mauthors=label:audio_security_and_privacy | /citations?view_op=search_authors&hl=en&oe=ASCII&mauthors=label:speaker_recognition | /citations?view_op=search_authors&hl=en&oe=ASCII&mauthors=label:bayesian_inference
1HLQsxkAAAAJ, 140, 102, 5, 5, 5, 4, , , Eurecom | Verified email at eurecom.fr | Distributed Computing, /citations?view_op=view_org&hl=en&oe=ASCII&org=7868974552293588111 | /citations?view_op=search_authors&hl=en&oe=ASCII&mauthors=label:distributed_computing
gJ-kXmkAAAAJ, 137, 128, 7, 7, 6, 6, , , Director of Data @Beamery | Verified email at eurecom.fr -  | Homepage | Semantic Web | Information Retrieval | Data Mining, http://ahmadassaf.com/ | /citations?view_op=search_authors&hl=en&oe=ASCII&mauthors=label:semantic_web | /citations?view_op=search_authors&hl=en&oe=ASCII&mauthors=label:information_retrieval | /citations?view_op=search_authors&hl=en&oe=ASCII&mauthors=label:data_mining
gj9sKjYAAAAJ, 131, 130, 2, 2, 2, 2, , , PostDoc Position,  | EURECOM | Verified email at eurecom.fr -  | Homepage | Internet of Things (IoT) | Wireless Sensor Networks | LTE | Rail transport | 5G technology, /citations?view_op=view_org&hl=en&oe=ASCII&org=7868974552293588111 | http://example.edu/~Maha | /citations?view_op=search_authors&hl=en&oe=ASCII&mauthors=label:internet_of_things_iot | /citations?view_op=search_authors&hl=en&oe=ASCII&mauthors=label:wireless_sensor_networks | /citations?view_op=search_authors&hl=en&oe=ASCII&mauthors=label:lte | /citations?view_op=search_authors&hl=en&oe=ASCII&mauthors=label:rail_transport | /citations?view_op=search_authors&hl=en&oe=ASCII&mauthors=label:5g_technology
MysANKQAAAAJ, 138, 105, 5, 4, 3, 3, , , EURECOM | Verified email at eurecom.fr | biometrics | machine learning | face recognition | speaker recognition, /citations?view_op=view_org&hl=en&oe=ASCII&org=7868974552293588111 | /citations?view_op=search_authors&hl=en&oe=ASCII&mauthors=label:biometrics | /citations?view_op=search_authors&hl=en&oe=ASCII&mauthors=label:machine_learning | /citations?view_op=search_authors&hl=en&oe=ASCII&mauthors=label:face_recognition | /citations?view_op=search_authors&hl=en&oe=ASCII&mauthors=label:speaker_recognition
JaNIQWIAAAAJ, 117, 115, 7, 7, 5, 5, , , EURECOM | , Communication Systems Department | Verified email at eurecom.fr -  | Homepage | Wireless Communications | Terahertz Communications | Internet of Things, /citations?view_op=view_org&hl=en&oe=ASCII&org=7868974552293588111 | http://www.turkeryilmaz.com/ | /citations?view_op=search_authors&hl=en&oe=ASCII&mauthors=label:wireless_communications | /citations?view_op=search_authors&hl=en&oe=ASCII&mauthors=label:terahertz_communications | /citations?view_op=search_authors&hl=en&oe=ASCII&mauthors=label:internet_of_things
fd7HrGcAAAAJ, 131, 112, 4, 3, 3, 3, , , Research Telecom Engineer | Verified email at eurecom.fr | Embedded systems | LTE standard, /citations?view_op=search_authors&hl=en&oe=ASCII&mauthors=label:embedded_systems | /citations?view_op=search_authors&hl=en&oe=ASCII&mauthors=label:lte_standard
vLQ0aBkAAAAJ, 104, 80, 7, 4, 3, 2, , , PhD student,  | Eurecom | , Sophia-Antipolis, France | Verified email at eurecom.fr | Multimedia Hyperlinking | Socially-aware Multimedia | Multimedia Retrieval, /citations?view_op=view_org&hl=en&oe=ASCII&org=7868974552293588111 | /citations?view_op=search_authors&hl=en&oe=ASCII&mauthors=label:multimedia_hyperlinking | /citations?view_op=search_authors&hl=en&oe=ASCII&mauthors=label:socially_aware_multimedia | /citations?view_op=search_authors&hl=en&oe=ASCII&mauthors=label:multimedia_retrieval
l7rZgrcAAAAJ, 118, 118, 5, 5, 2, 2, , , Phd Student,  | Eurecom | Verified email at eurecom.fr -  | Homepage | Computer Vision | Biometrics | Video Surveillance | Machine Learning | Privacy, /citations?view_op=view_org&hl=en&oe=ASCII&org=7868974552293588111 | http://www.eurecom.fr/~ruchaud/ | /citations?view_op=search_authors&hl=en&oe=ASCII&mauthors=label:computer_vision | /citations?view_op=search_authors&hl=en&oe=ASCII&mauthors=label:biometrics | /citations?view_op=search_authors&hl=en&oe=ASCII&mauthors=label:video_surveillance | /citations?view_op=search_authors&hl=en&oe=ASCII&mauthors=label:machine_learning | /citations?view_op=search_authors&hl=en&oe=ASCII&mauthors=label:privacy
evC4LDAAAAAJ, 98, 47, 6, 4, 3, 1, , , PHD candidate  | EURECOM | Verified email at eurecom.fr | BIG-DATA | HPC | GPGPU | 4G | wireless neworking, /citations?view_op=view_org&hl=en&oe=ASCII&org=7868974552293588111 | /citations?view_op=search_authors&hl=en&oe=ASCII&mauthors=label:big_data | /citations?view_op=search_authors&hl=en&oe=ASCII&mauthors=label:hpc | /citations?view_op=search_authors&hl=en&oe=ASCII&mauthors=label:gpgpu | /citations?view_op=search_authors&hl=en&oe=ASCII&mauthors=label:4g | /citations?view_op=search_authors&hl=en&oe=ASCII&mauthors=label:wireless_neworking
W8LhW0gAAAAJ, 101, 99, 8, 8, 6, 6, , , PhD student at  | EURECOM |  (Sorbonne University) | Verified email at eurecom.fr -  | Homepage | Robotic | Control | Communication | Machine Learning | Artificial Intelligence, /citations?view_op=view_org&hl=en&oe=ASCII&org=7868974552293588111 | http://www.eurecom.fr/en/people/esrafilian-omid | /citations?view_op=search_authors&hl=en&oe=ASCII&mauthors=label:robotic | /citations?view_op=search_authors&hl=en&oe=ASCII&mauthors=label:control | /citations?view_op=search_authors&hl=en&oe=ASCII&mauthors=label:communication | /citations?view_op=search_authors&hl=en&oe=ASCII&mauthors=label:machine_learning | /citations?view_op=search_authors&hl=en&oe=ASCII&mauthors=label:artificial_intelligence
snxR71gAAAAJ, 103, 43, 6, 3, 4, 2, , , eurecom.fr | Verified email at eurecom.fr | machine learning | information fusion | video retrieval | multimedia indexing, /citations?view_op=search_authors&hl=en&oe=ASCII&mauthors=label:machine_learning | /citations?view_op=search_authors&hl=en&oe=ASCII&mauthors=label:information_fusion | /citations?view_op=search_authors&hl=en&oe=ASCII&mauthors=label:video_retrieval | /citations?view_op=search_authors&hl=en&oe=ASCII&mauthors=label:multimedia_indexing
9G-g30IAAAAJ, 103, 98, 6, 6, 5, 4, , , EURECOM | Verified email at eurecom.fr -  | Homepage | machine learning | numerical analysis | statistics | applied mathematics | probabilistic numerics, /citations?view_op=view_org&hl=en&oe=ASCII&org=7868974552293588111 | https://sites.google.com/site/motonobukanagawa/ | /citations?view_op=search_authors&hl=en&oe=ASCII&mauthors=label:machine_learning | /citations?view_op=search_authors&hl=en&oe=ASCII&mauthors=label:numerical_analysis | /citations?view_op=search_authors&hl=en&oe=ASCII&mauthors=label:statistics | /citations?view_op=search_authors&hl=en&oe=ASCII&mauthors=label:applied_mathematics | /citations?view_op=search_authors&hl=en&oe=ASCII&mauthors=label:probabilistic_numerics
JQg2trcAAAAJ, 106, 43, 7, 4, 2, 0, , , Eurecom | Verified email at eurecom.fr -  | Homepage, /citations?view_op=view_org&hl=en&oe=ASCII&org=7868974552293588111 | https://sites.google.com/site/yohanlejosne/
PtSF54AAAAAJ, 98, 83, 7, 6, 4, 3, , , Eurecom | Verified email at eurecom.fr | wireless communications, /citations?view_op=view_org&hl=en&oe=ASCII&org=7868974552293588111 | /citations?view_op=search_authors&hl=en&oe=ASCII&mauthors=label:wireless_communications
W61Kw-4AAAAJ, 111, 100, 5, 5, 3, 3, , , Nanyang Technological University | Verified email at eurecom.fr | Cloud Computing | Scheduling Algorithms | Service Design and Pricing | Information Security | Multi-Agents, /citations?view_op=search_authors&hl=en&oe=ASCII&mauthors=label:cloud_computing | /citations?view_op=search_authors&hl=en&oe=ASCII&mauthors=label:scheduling_algorithms | /citations?view_op=search_authors&hl=en&oe=ASCII&mauthors=label:service_design_and_pricing | /citations?view_op=search_authors&hl=en&oe=ASCII&mauthors=label:information_security | /citations?view_op=search_authors&hl=en&oe=ASCII&mauthors=label:multi_agents
aY3qb2cAAAAJ, 97, 96, 4, 3, 1, 1, , , NUDT,  | Eurecom | Verified email at eurecom.fr | Distributed systems, /citations?view_op=view_org&hl=en&oe=ASCII&org=7868974552293588111 | /citations?view_op=search_authors&hl=en&oe=ASCII&mauthors=label:distributed_systems
OjjaF0wAAAAJ, 80, 80, 3, 3, 2, 2, , , Post-doc Fellow at  | Eurecom | , Ph. D in Electrical Engineering | Verified email at eurecom.fr | Wireless communication | WLAN | Caching | Femto caching, /citations?view_op=view_org&hl=en&oe=ASCII&org=7868974552293588111 | /citations?view_op=search_authors&hl=en&oe=ASCII&mauthors=label:wireless_communication | /citations?view_op=search_authors&hl=en&oe=ASCII&mauthors=label:wlan | /citations?view_op=search_authors&hl=en&oe=ASCII&mauthors=label:caching | /citations?view_op=search_authors&hl=en&oe=ASCII&mauthors=label:femto_caching
EoKA5NQAAAAJ, 82, 82, 4, 4, 2, 2, , , Eurecom | Verified email at eurecom.fr | Computer Security, /citations?view_op=view_org&hl=en&oe=ASCII&org=7868974552293588111 | /citations?view_op=search_authors&hl=en&oe=ASCII&mauthors=label:computer_security
4iYOUe4AAAAJ, 82, 81, 6, 6, 3, 3, , , EURECOM | Verified email at eurecom.fr | Signal processing | Wireless Communications, /citations?view_op=view_org&hl=en&oe=ASCII&org=7868974552293588111 | /citations?view_op=search_authors&hl=en&oe=ASCII&mauthors=label:signal_processing | /citations?view_op=search_authors&hl=en&oe=ASCII&mauthors=label:wireless_communications
3RZzyPwAAAAJ, 78, 20, 5, 2, 3, 1, , , External Professor, Web Technologies,  | Institut Eurecom | Verified email at eurecom.fr | software security, /citations?view_op=view_org&hl=en&oe=ASCII&org=7868974552293588111 | /citations?view_op=search_authors&hl=en&oe=ASCII&mauthors=label:software_security
r2itY4IAAAAJ, 85, 85, 4, 4, 2, 2, , , Huawei Technologies, Paris Research Center Mathematical and Algorithmic Sciences | Verified email at eurecom.fr | Statistical Learning | Machine Learning, /citations?view_op=search_authors&hl=en&oe=ASCII&mauthors=label:statistical_learning | /citations?view_op=search_authors&hl=en&oe=ASCII&mauthors=label:machine_learning
0HXD1QsAAAAJ, 79, 65, 4, 4, 3, 3, , , Eurecom | Verified email at eurecom.fr | Machine Learning | Natural Language | Software Defined Network, /citations?view_op=view_org&hl=en&oe=ASCII&org=7868974552293588111 | /citations?view_op=search_authors&hl=en&oe=ASCII&mauthors=label:machine_learning | /citations?view_op=search_authors&hl=en&oe=ASCII&mauthors=label:natural_language | /citations?view_op=search_authors&hl=en&oe=ASCII&mauthors=label:software_defined_network
LAqAkNcAAAAJ, 82, 75, 5, 5, 3, 2, , , Ph.D Student | Verified email at eurecom.fr | Vehicular communications | LTE-Direct, /citations?view_op=search_authors&hl=en&oe=ASCII&mauthors=label:vehicular_communications | /citations?view_op=search_authors&hl=en&oe=ASCII&mauthors=label:lte_direct
RB-PEqsAAAAJ, 52, 52, 3, 3, 3, 3, , , Ph.D Student,  | EURECOM | Verified email at eurecom.fr -  | Homepage | Cryptography | Communication Security, /citations?view_op=view_org&hl=en&oe=ASCII&org=7868974552293588111 | http://www.eurecom.fr/~vanrompa/ | /citations?view_op=search_authors&hl=en&oe=ASCII&mauthors=label:cryptography | /citations?view_op=search_authors&hl=en&oe=ASCII&mauthors=label:communication_security
SGd2-t4AAAAJ, 67, 67, 3, 3, 2, 2, , , EURECOM | Verified email at eurecom.fr -  | Homepage | Caching | Network Coding | Wireless Communications | Stochastic Geometry | Information Theory, /citations?view_op=view_org&hl=en&oe=ASCII&org=7868974552293588111 | http://www.eurecom.fr/en/people/serbetci-berksan | /citations?view_op=search_authors&hl=en&oe=ASCII&mauthors=label:caching | /citations?view_op=search_authors&hl=en&oe=ASCII&mauthors=label:network_coding | /citations?view_op=search_authors&hl=en&oe=ASCII&mauthors=label:wireless_communications | /citations?view_op=search_authors&hl=en&oe=ASCII&mauthors=label:stochastic_geometry | /citations?view_op=search_authors&hl=en&oe=ASCII&mauthors=label:information_theory
TZXbNeQAAAAJ, 53, 46, 3, 3, 2, 2, , , PhD student,  | EURECOM | Verified email at eurecom.fr -  | Homepage | Machine Learning | Autonomous Systems | Wireless Communications, /citations?view_op=view_org&hl=en&oe=ASCII&org=7868974552293588111 | https://www.eurecom.fr/~bayerleh/ | /citations?view_op=search_authors&hl=en&oe=ASCII&mauthors=label:machine_learning | /citations?view_op=search_authors&hl=en&oe=ASCII&mauthors=label:autonomous_systems | /citations?view_op=search_authors&hl=en&oe=ASCII&mauthors=label:wireless_communications
Sz9HNoUAAAAJ, 49, 36, 3, 3, 2, 2, , , Assistant Professor | Verified email at eurecom.fr | Massive MIMO | Cooperative Communication, /citations?view_op=search_authors&hl=en&oe=ASCII&mauthors=label:massive_mimo | /citations?view_op=search_authors&hl=en&oe=ASCII&mauthors=label:cooperative_communication
zb8Fo60AAAAJ, 54, 50, 3, 3, 1, 1, , , Eurecom | Verified email at eurecom.fr -  | Homepage | Computer Security, /citations?view_op=view_org&hl=en&oe=ASCII&org=7868974552293588111 | http://www.s3.eurecom.fr/~pagabuc/ | /citations?view_op=search_authors&hl=en&oe=ASCII&mauthors=label:computer_security
5EEZXMoAAAAJ, 57, 49, 4, 4, 3, 3, , , Unknown affiliation | Verified email at eurecom.fr -  | Homepage | cyber security | risk assessment | cyber risk | cyber insurance | risk management, http://predragtasevski.com/ | /citations?view_op=search_authors&hl=en&oe=ASCII&mauthors=label:cyber_security | /citations?view_op=search_authors&hl=en&oe=ASCII&mauthors=label:risk_assessment | /citations?view_op=search_authors&hl=en&oe=ASCII&mauthors=label:cyber_risk | /citations?view_op=search_authors&hl=en&oe=ASCII&mauthors=label:cyber_insurance | /citations?view_op=search_authors&hl=en&oe=ASCII&mauthors=label:risk_management
fJjdWbAAAAAJ, 55, 41, 5, 4, 2, 1, , , PhD researcher,  | Eurecom | Verified email at eurecom.fr | Communications | Signal processing, /citations?view_op=view_org&hl=en&oe=ASCII&org=7868974552293588111 | /citations?view_op=search_authors&hl=en&oe=ASCII&mauthors=label:communications | /citations?view_op=search_authors&hl=en&oe=ASCII&mauthors=label:signal_processing
4PaN88cAAAAJ, 58, 58, 5, 5, 1, 1, , , EURECOM | Verified email at eurecom.fr -  | Homepage | Semantic Web, /citations?view_op=view_org&hl=en&oe=ASCII&org=7868974552293588111 | http://pasqlisena.github.io/ | /citations?view_op=search_authors&hl=en&oe=ASCII&mauthors=label:semantic_web
JyFMAG0AAAAJ, 74, 23, 1, 1, 1, 1, , , Master Student,  | Eurecom | Verified email at eurecom.fr | Wireless Networking, /citations?view_op=view_org&hl=en&oe=ASCII&org=7868974552293588111 | /citations?view_op=search_authors&hl=en&oe=ASCII&mauthors=label:wireless_networking
IuSZwWMAAAAJ, 49, 49, 3, 3, 3, 3, , , SAP Security Research | Verified email at eurecom.fr, 
S-JHJOUAAAAJ, 48, 48, 3, 3, 2, 2, , , Eurecom | Verified email at eurecom.fr | Machine Learning | Deep Learning, /citations?view_op=view_org&hl=en&oe=ASCII&org=7868974552293588111 | /citations?view_op=search_authors&hl=en&oe=ASCII&mauthors=label:machine_learning | /citations?view_op=search_authors&hl=en&oe=ASCII&mauthors=label:deep_learning
DrU1WG0AAAAJ, 42, 42, 4, 4, 1, 1, , , Phd student of System Security,  | Eurecom | Verified email at eurecom.fr -  | Homepage | System security | web security, /citations?view_op=view_org&hl=en&oe=ASCII&org=7868974552293588111 | http://s3.eurecom.fr/~bartuc | /citations?view_op=search_authors&hl=en&oe=ASCII&mauthors=label:system_security | /citations?view_op=search_authors&hl=en&oe=ASCII&mauthors=label:web_security
OtHl_kQAAAAJ, 36, 36, 2, 2, 1, 1, , , Eurecom | Verified email at eurecom.fr | Wireless Communications, /citations?view_op=view_org&hl=en&oe=ASCII&org=7868974552293588111 | /citations?view_op=search_authors&hl=en&oe=ASCII&mauthors=label:wireless_communications
SBWIja0AAAAJ, 49, 49, 4, 4, 0, 0, , , Eurecom | Verified email at eurecom.fr -  | Homepage | Information Theory | Wireless Communication, /citations?view_op=view_org&hl=en&oe=ASCII&org=7868974552293588111 | http://www.eurecom.fr/fr/people/kurisummoottil-thomas-christo | /citations?view_op=search_authors&hl=en&oe=ASCII&mauthors=label:information_theory | /citations?view_op=search_authors&hl=en&oe=ASCII&mauthors=label:wireless_communication
p4VYTQMAAAAJ, 44, 42, 4, 4, 1, 1, , , PhD student,  | Eurecom | Verified email at eurecom.fr | Speech Recognition | Speaker Recognition | Speaker Diarization | Machine Learning | Pattern Recognition, /citations?view_op=view_org&hl=en&oe=ASCII&org=7868974552293588111 | /citations?view_op=search_authors&hl=en&oe=ASCII&mauthors=label:speech_recognition | /citations?view_op=search_authors&hl=en&oe=ASCII&mauthors=label:speaker_recognition | /citations?view_op=search_authors&hl=en&oe=ASCII&mauthors=label:speaker_diarization | /citations?view_op=search_authors&hl=en&oe=ASCII&mauthors=label:machine_learning | /citations?view_op=search_authors&hl=en&oe=ASCII&mauthors=label:pattern_recognition
qVj5AK0AAAAJ, 44, 33, 5, 5, 0, 0, , , Research Associate | Verified email at eurecom.fr | V2X | URLLC | LTE | New Radio | Positioning, /citations?view_op=search_authors&hl=en&oe=ASCII&mauthors=label:v2x | /citations?view_op=search_authors&hl=en&oe=ASCII&mauthors=label:urllc | /citations?view_op=search_authors&hl=en&oe=ASCII&mauthors=label:lte | /citations?view_op=search_authors&hl=en&oe=ASCII&mauthors=label:new_radio | /citations?view_op=search_authors&hl=en&oe=ASCII&mauthors=label:positioning
Mz6Pa24AAAAJ, 24, 21, 3, 3, 0, 0, , , Unknown affiliation | Verified email at eurecom.fr | Computer Vision | Machine Learning, /citations?view_op=search_authors&hl=en&oe=ASCII&mauthors=label:computer_vision | /citations?view_op=search_authors&hl=en&oe=ASCII&mauthors=label:machine_learning
IkOm4ZYAAAAJ, 26, 26, 2, 2, 1, 1, , , PhD,  | EURECOM | Verified email at eurecom.fr -  | Homepage | Image processing | Face recognition | Biometrics, /citations?view_op=view_org&hl=en&oe=ASCII&org=7868974552293588111 | http://www.eurecom.fr/fr/people/chiesa-valeria | /citations?view_op=search_authors&hl=en&oe=ASCII&mauthors=label:image_processing | /citations?view_op=search_authors&hl=en&oe=ASCII&mauthors=label:face_recognition | /citations?view_op=search_authors&hl=en&oe=ASCII&mauthors=label:biometrics
Y4ivxU4AAAAJ, 33, 33, 1, 1, 1, 1, , , PhD Student,  | Eurecom | Verified email at eurecom.fr | Computer Security, /citations?view_op=view_org&hl=en&oe=ASCII&org=7868974552293588111 | /citations?view_op=search_authors&hl=en&oe=ASCII&mauthors=label:computer_security
iy_3Ak0AAAAJ, 33, 32, 3, 3, 1, 1, , , Telecom ParisTech /  | EURECOM | Verified email at eurecom.fr -  | Homepage | Security | Secure Programming | Program Verification | Program Dependence Graph | Feedback to developers, /citations?view_op=view_org&hl=en&oe=ASCII&org=7868974552293588111 | http://www.eurecom.fr/fr/people/zhioua-zeineb | /citations?view_op=search_authors&hl=en&oe=ASCII&mauthors=label:security | /citations?view_op=search_authors&hl=en&oe=ASCII&mauthors=label:secure_programming | /citations?view_op=search_authors&hl=en&oe=ASCII&mauthors=label:program_verification | /citations?view_op=search_authors&hl=en&oe=ASCII&mauthors=label:program_dependence_graph | /citations?view_op=search_authors&hl=en&oe=ASCII&mauthors=label:feedback_to_developers
8ZSxHCEAAAAJ, 22, 22, 3, 3, 0, 0, , , PhD student | Verified email at eurecom.fr | Speech signal processsing | Deep learning | Speech enhancement | bandwidth extension, /citations?view_op=search_authors&hl=en&oe=ASCII&mauthors=label:speech_signal_processsing | /citations?view_op=search_authors&hl=en&oe=ASCII&mauthors=label:deep_learning | /citations?view_op=search_authors&hl=en&oe=ASCII&mauthors=label:speech_enhancement | /citations?view_op=search_authors&hl=en&oe=ASCII&mauthors=label:bandwidth_extension
hm-m8NoAAAAJ, 28, 28, 3, 3, 1, 1, , , EURECOM | Verified email at eurecom.fr -  | Homepage | Mobile Communications | Signal Processing | Information Theory, /citations?view_op=view_org&hl=en&oe=ASCII&org=7868974552293588111 | http://www.eurecom.fr/en/people/miretti-lorenzo | /citations?view_op=search_authors&hl=en&oe=ASCII&mauthors=label:mobile_communications | /citations?view_op=search_authors&hl=en&oe=ASCII&mauthors=label:signal_processing | /citations?view_op=search_authors&hl=en&oe=ASCII&mauthors=label:information_theory
FO8dOb4AAAAJ, 28, 25, 3, 3, 0, 0, , , Postdoctoral fellow,  | Eurecom | Verified email at eurecom.fr -  | Homepage | Communications | Signal Processing | Machine learning | Submodular optimization, /citations?view_op=view_org&hl=en&oe=ASCII&org=7868974552293588111 | http://www.eurecom.fr/en/people/tohidi-ehsan | /citations?view_op=search_authors&hl=en&oe=ASCII&mauthors=label:communications | /citations?view_op=search_authors&hl=en&oe=ASCII&mauthors=label:signal_processing | /citations?view_op=search_authors&hl=en&oe=ASCII&mauthors=label:machine_learning | /citations?view_op=search_authors&hl=en&oe=ASCII&mauthors=label:submodular_optimization
AN3DFKYAAAAJ, 25, 25, 3, 3, 0, 0, , , PhD Data Science Department,  | Eurecom | , France | Verified email at eurecom.fr -  | Homepage | Scheduling, /citations?view_op=view_org&hl=en&oe=ASCII&org=7868974552293588111 | http://francesco-pace.com/ | /citations?view_op=search_authors&hl=en&oe=ASCII&mauthors=label:scheduling
id9WAs8AAAAJ, 30, 30, 2, 2, 1, 1, , , PhD student,  | EURECOM | Verified email at eurecom.fr | Electromagnetic Side Channels | Dynamic Firmware Analysis, /citations?view_op=view_org&hl=en&oe=ASCII&org=7868974552293588111 | /citations?view_op=search_authors&hl=en&oe=ASCII&mauthors=label:electromagnetic_side_channels | /citations?view_op=search_authors&hl=en&oe=ASCII&mauthors=label:dynamic_firmware_analysis
_b6dDHMAAAAJ, 31, 30, 4, 4, 0, 0, , , Postdoctoral Researcher at  | EURECOM | Verified email at eurecom.fr | Network Security | Cryptography | Computer Networks, /citations?view_op=view_org&hl=en&oe=ASCII&org=7868974552293588111 | /citations?view_op=search_authors&hl=en&oe=ASCII&mauthors=label:network_security | /citations?view_op=search_authors&hl=en&oe=ASCII&mauthors=label:cryptography | /citations?view_op=search_authors&hl=en&oe=ASCII&mauthors=label:computer_networks
uWkXzXMAAAAJ, 32, 32, 4, 4, 0, 0, , , Postdoctoral researcher, Department of Digital Security,  | EURECOM | Verified email at eurecom.fr -  | Homepage | Speaker recognition | Speaker diarization | Machine Learning, /citations?view_op=view_org&hl=en&oe=ASCII&org=7868974552293588111 | http://www.eurecom.fr/en/people/patino-jose | /citations?view_op=search_authors&hl=en&oe=ASCII&mauthors=label:speaker_recognition | /citations?view_op=search_authors&hl=en&oe=ASCII&mauthors=label:speaker_diarization | /citations?view_op=search_authors&hl=en&oe=ASCII&mauthors=label:machine_learning
T4hOIbYAAAAJ, 19, 19, 1, 1, 1, 1, , , EURECOM | Verified email at eurecom.fr | Computer security, /citations?view_op=view_org&hl=en&oe=ASCII&org=7868974552293588111 | /citations?view_op=search_authors&hl=en&oe=ASCII&mauthors=label:computer_security
Vo_md5AAAAAJ, 20, 20, 3, 3, 0, 0, , , Renault SW labs/  | EURECOM | -UPMC | Verified email at eurecom.fr -  | Homepage | Autonomous Transportation Systems | ADAS | coordinated mobility | autonomous vehicles | CACC, /citations?view_op=view_org&hl=en&oe=ASCII&org=7868974552293588111 | http://www.eurecom.fr/fr/people/patel-raj-haresh-1/publications | /citations?view_op=search_authors&hl=en&oe=ASCII&mauthors=label:autonomous_transportation_systems | /citations?view_op=search_authors&hl=en&oe=ASCII&mauthors=label:adas | /citations?view_op=search_authors&hl=en&oe=ASCII&mauthors=label:coordinated_mobility | /citations?view_op=search_authors&hl=en&oe=ASCII&mauthors=label:autonomous_vehicles | /citations?view_op=search_authors&hl=en&oe=ASCII&mauthors=label:cacc
lD62RBcAAAAJ, 21, 21, 3, 3, 0, 0, , , EURECOM | Verified email at eurecom.fr | Information theory | Caching | Wireless communications, /citations?view_op=view_org&hl=en&oe=ASCII&org=7868974552293588111 | /citations?view_op=search_authors&hl=en&oe=ASCII&mauthors=label:information_theory | /citations?view_op=search_authors&hl=en&oe=ASCII&mauthors=label:caching | /citations?view_op=search_authors&hl=en&oe=ASCII&mauthors=label:wireless_communications
SqS28VQAAAAJ, 18, 17, 3, 3, 0, 0, , , Unknown affiliation | Verified email at eurecom.fr | Nonlinear acoustic echo cancellation | Nonlinear system identification | Loudspeaker modelling, /citations?view_op=search_authors&hl=en&oe=ASCII&mauthors=label:nonlinear_acoustic_echo_cancellation | /citations?view_op=search_authors&hl=en&oe=ASCII&mauthors=label:nonlinear_system_identification | /citations?view_op=search_authors&hl=en&oe=ASCII&mauthors=label:loudspeaker_modelling
qV5yrssAAAAJ, 21, 21, 1, 1, 1, 1, , , PhD Candidate | Verified email at eurecom.fr | Computer Security | Embedded Systems, /citations?view_op=search_authors&hl=en&oe=ASCII&mauthors=label:computer_security | /citations?view_op=search_authors&hl=en&oe=ASCII&mauthors=label:embedded_systems
IiyJp-8AAAAJ, 18, 16, 2, 2, 1, 1, , , PhD student,  | Eurecom | Verified email at eurecom.fr | Intelligent transportation system | traffic modeling and simulation | traffic control, /citations?view_op=view_org&hl=en&oe=ASCII&org=7868974552293588111 | /citations?view_op=search_authors&hl=en&oe=ASCII&mauthors=label:intelligent_transportation_system | /citations?view_op=search_authors&hl=en&oe=ASCII&mauthors=label:traffic_modeling_and_simulation | /citations?view_op=search_authors&hl=en&oe=ASCII&mauthors=label:traffic_control
vxVP-asAAAAJ, 16, 16, 2, 2, 0, 0, , , Intern in Data Science,  | EURECOM | Verified email at eurecom.fr -  | Homepage | Natural Language Processing | Machine Learning | Data Science, /citations?view_op=view_org&hl=en&oe=ASCII&org=7868974552293588111 | https://fr.linkedin.com/in/efstratiossygkounas | /citations?view_op=search_authors&hl=en&oe=ASCII&mauthors=label:natural_language_processing | /citations?view_op=search_authors&hl=en&oe=ASCII&mauthors=label:machine_learning | /citations?view_op=search_authors&hl=en&oe=ASCII&mauthors=label:data_science
VY51XhsAAAAJ, 16, 12, 2, 2, 0, 0, , , Eurecom | Verified email at eurecom.fr | Computer Vision | Machine Learning | Data Intensive Scalable Computing | Parallel Algorithm Design, /citations?view_op=view_org&hl=en&oe=ASCII&org=7868974552293588111 | /citations?view_op=search_authors&hl=en&oe=ASCII&mauthors=label:computer_vision | /citations?view_op=search_authors&hl=en&oe=ASCII&mauthors=label:machine_learning | /citations?view_op=search_authors&hl=en&oe=ASCII&mauthors=label:data_intensive_scalable_computing | /citations?view_op=search_authors&hl=en&oe=ASCII&mauthors=label:parallel_algorithm_design
IVT80dgAAAAJ, 20, 20, 3, 3, 0, 0, , , PhD student,  | EURECOM | Verified email at eurecom.fr | Semantic technologies | driving context, /citations?view_op=view_org&hl=en&oe=ASCII&org=7868974552293588111 | /citations?view_op=search_authors&hl=en&oe=ASCII&mauthors=label:semantic_technologies | /citations?view_op=search_authors&hl=en&oe=ASCII&mauthors=label:driving_context
xrQiLy8AAAAJ, 17, 17, 2, 2, 0, 0, , , EURECOM | Verified email at eurecom.fr, /citations?view_op=view_org&hl=en&oe=ASCII&org=7868974552293588111
usYQzeYAAAAJ, 9, 9, 1, 1, 0, 0, , , Eurecom | Verified email at eurecom.fr, /citations?view_op=view_org&hl=en&oe=ASCII&org=7868974552293588111
OJT7iVgAAAAJ, 14, 14, 2, 2, 0, 0, , , PhD student,  | Eurecom | Verified email at eurecom.fr -  | Homepage | Cyber insurance | risk prediction | Virtual Reality | Streaming 360, /citations?view_op=view_org&hl=en&oe=ASCII&org=7868974552293588111 | http://www.s3.eurecom.fr/~savinoda/ | /citations?view_op=search_authors&hl=en&oe=ASCII&mauthors=label:cyber_insurance | /citations?view_op=search_authors&hl=en&oe=ASCII&mauthors=label:risk_prediction | /citations?view_op=search_authors&hl=en&oe=ASCII&mauthors=label:virtual_reality | /citations?view_op=search_authors&hl=en&oe=ASCII&mauthors=label:streaming_360
TQ0rrc0AAAAJ, 14, 12, 2, 2, 0, 0, , , Research engineer,  | Eurecom | Verified email at eurecom.fr -  | Homepage, /citations?view_op=view_org&hl=en&oe=ASCII&org=7868974552293588111 | http://www.s3.eurecom.fr/~lucab/index.html
nn3YUTsAAAAJ, 10, 10, 2, 2, 0, 0, , , PhD Student in Data Science,  | EURECOM | Verified email at eurecom.fr -  | Homepage | Probabilistic Machine Learning | Deep Learning | Bayesian Statistics, /citations?view_op=view_org&hl=en&oe=ASCII&org=7868974552293588111 | http://www.eurecom.fr/en/people/wacker-jonas | /citations?view_op=search_authors&hl=en&oe=ASCII&mauthors=label:probabilistic_machine_learning | /citations?view_op=search_authors&hl=en&oe=ASCII&mauthors=label:deep_learning | /citations?view_op=search_authors&hl=en&oe=ASCII&mauthors=label:bayesian_statistics
Y1jcf5IAAAAJ, 12, 12, 2, 2, 0, 0, , , EURECOM | , UPMC Paris | Verified email at eurecom.fr -  | Homepage | Speaker Recognition, /citations?view_op=view_org&hl=en&oe=ASCII&org=7868974552293588111 | http://www.eurecom.fr/fr/people/valenti-giacomo/publications | /citations?view_op=search_authors&hl=en&oe=ASCII&mauthors=label:speaker_recognition
z6XWJPgAAAAJ, 14, 14, 2, 2, 0, 0, , , Eurecom | Verified email at eurecom.fr, /citations?view_op=view_org&hl=en&oe=ASCII&org=7868974552293588111
gi2l00kAAAAJ, 11, 11, 3, 3, 0, 0, , , Network and Security,  | Eurecom | Verified email at eurecom.fr | Data Intensive Scalable Computing | Parallel Algorithm Design | Work Sharing, /citations?view_op=view_org&hl=en&oe=ASCII&org=7868974552293588111 | /citations?view_op=search_authors&hl=en&oe=ASCII&mauthors=label:data_intensive_scalable_computing | /citations?view_op=search_authors&hl=en&oe=ASCII&mauthors=label:parallel_algorithm_design | /citations?view_op=search_authors&hl=en&oe=ASCII&mauthors=label:work_sharing
S6vgOKwAAAAJ, 5, 5, 2, 2, 0, 0, , , Research Engineer,  | Eurecom | Verified email at eurecom.fr | Artificial Intelligence | Natural Language Processing | Distributed Systems | Data Mining, /citations?view_op=view_org&hl=en&oe=ASCII&org=7868974552293588111 | /citations?view_op=search_authors&hl=en&oe=ASCII&mauthors=label:artificial_intelligence | /citations?view_op=search_authors&hl=en&oe=ASCII&mauthors=label:natural_language_processing | /citations?view_op=search_authors&hl=en&oe=ASCII&mauthors=label:distributed_systems | /citations?view_op=search_authors&hl=en&oe=ASCII&mauthors=label:data_mining
ZWz1nF0AAAAJ, 10, 10, 2, 2, 0, 0, , , Postdoctoral researcher  | Eurecom | Verified email at eurecom.fr | Information Theory | Machine Learning | Communications, /citations?view_op=view_org&hl=en&oe=ASCII&org=7868974552293588111 | /citations?view_op=search_authors&hl=en&oe=ASCII&mauthors=label:information_theory | /citations?view_op=search_authors&hl=en&oe=ASCII&mauthors=label:machine_learning | /citations?view_op=search_authors&hl=en&oe=ASCII&mauthors=label:communications
lTt86awAAAAJ, 4, 4, 1, 1, 0, 0, , , EURECOM | Verified email at eurecom.fr | Machine Learning | Bayesian Inference | Deep Modeling, /citations?view_op=view_org&hl=en&oe=ASCII&org=7868974552293588111 | /citations?view_op=search_authors&hl=en&oe=ASCII&mauthors=label:machine_learning | /citations?view_op=search_authors&hl=en&oe=ASCII&mauthors=label:bayesian_inference | /citations?view_op=search_authors&hl=en&oe=ASCII&mauthors=label:deep_modeling
qId0j5MAAAAJ, 3, 3, 1, 1, 0, 0, , , Intern at  | Eurecom Institut | Verified email at eurecom.fr | Distributed System, /citations?view_op=view_org&hl=en&oe=ASCII&org=7868974552293588111 | /citations?view_op=search_authors&hl=en&oe=ASCII&mauthors=label:distributed_system
1YU9gSAAAAAJ, 3, 3, 1, 1, 0, 0, , , EURECOM | Verified email at eurecom.fr -  | Homepage | Cyber Security | Web development | Python, /citations?view_op=view_org&hl=en&oe=ASCII&org=7868974552293588111 | https://www.prashantdey.in/ | /citations?view_op=search_authors&hl=en&oe=ASCII&mauthors=label:cyber_security | /citations?view_op=search_authors&hl=en&oe=ASCII&mauthors=label:web_development | /citations?view_op=search_authors&hl=en&oe=ASCII&mauthors=label:python
aLje0c0AAAAJ, 9, 7, 2, 2, 0, 0, , , Grad student at  | EURECOM |  - Telecom ParisTech | Verified email at eurecom.fr | Virtualization | Big Data Processing Frameworks, /citations?view_op=view_org&hl=en&oe=ASCII&org=7868974552293588111 | /citations?view_op=search_authors&hl=en&oe=ASCII&mauthors=label:virtualization | /citations?view_op=search_authors&hl=en&oe=ASCII&mauthors=label:big_data_processing_frameworks
bKbx3eQAAAAJ, 8, 8, 1, 1, 0, 0, , , Researcher,  | Eurecom Institute | , Telecom ParisTech | Verified email at eurecom.fr -  | Homepage | network security | computer security, /citations?view_op=view_org&hl=en&oe=ASCII&org=7868974552293588111 | http://www.github.com/maurizioabba | /citations?view_op=search_authors&hl=en&oe=ASCII&mauthors=label:network_security | /citations?view_op=search_authors&hl=en&oe=ASCII&mauthors=label:computer_security
Epou8X8AAAAJ, 6, 6, 1, 1, 0, 0, , , PhD Student,  | EURECOM | Verified email at eurecom.fr | System Security | Mobile Security, /citations?view_op=view_org&hl=en&oe=ASCII&org=7868974552293588111 | /citations?view_op=search_authors&hl=en&oe=ASCII&mauthors=label:system_security | /citations?view_op=search_authors&hl=en&oe=ASCII&mauthors=label:mobile_security
je53x6UAAAAJ, 7, 7, 2, 2, 0, 0, , , PhD student | Verified email at eurecom.fr | Biometrics | Machine learning | Face recognition | Thermal imagery, /citations?view_op=search_authors&hl=en&oe=ASCII&mauthors=label:biometrics | /citations?view_op=search_authors&hl=en&oe=ASCII&mauthors=label:machine_learning | /citations?view_op=search_authors&hl=en&oe=ASCII&mauthors=label:face_recognition | /citations?view_op=search_authors&hl=en&oe=ASCII&mauthors=label:thermal_imagery
aIucchUAAAAJ, 1, 1, 1, 1, 0, 0, , , Eurecom | Verified email at eurecom.fr | Natural Language Processing | Fact Checking | Data Integration, /citations?view_op=view_org&hl=en&oe=ASCII&org=7868974552293588111 | /citations?view_op=search_authors&hl=en&oe=ASCII&mauthors=label:natural_language_processing | /citations?view_op=search_authors&hl=en&oe=ASCII&mauthors=label:fact_checking | /citations?view_op=search_authors&hl=en&oe=ASCII&mauthors=label:data_integration
N6Ox_1cAAAAJ, 1, 1, 1, 1, 0, 0, , , PhD student,  | EURECOM | Verified email at eurecom.fr | Applied cryptography | privacy-preserving machine learning techniques, /citations?view_op=view_org&hl=en&oe=ASCII&org=7868974552293588111 | /citations?view_op=search_authors&hl=en&oe=ASCII&mauthors=label:applied_cryptography | /citations?view_op=search_authors&hl=en&oe=ASCII&mauthors=label:privacy_preserving_machine_learning_techniques
hl-5WRQAAAAJ, 2, 2, 1, 1, 0, 0, , , PhD candidate,  | EURECOM | Verified email at eurecom.fr | cryptography | homomorphic encryption | secure multiparty computation | biometric identification | secure machine learning, /citations?view_op=view_org&hl=en&oe=ASCII&org=7868974552293588111 | /citations?view_op=search_authors&hl=en&oe=ASCII&mauthors=label:cryptography | /citations?view_op=search_authors&hl=en&oe=ASCII&mauthors=label:homomorphic_encryption | /citations?view_op=search_authors&hl=en&oe=ASCII&mauthors=label:secure_multiparty_computation | /citations?view_op=search_authors&hl=en&oe=ASCII&mauthors=label:biometric_identification | /citations?view_op=search_authors&hl=en&oe=ASCII&mauthors=label:secure_machine_learning
-uyGYTMAAAAJ, 1, 1, 1, 1, 0, 0, , , PhD student in the Communications System Department at  | EURECOM | , currently enrolled in the Sorbonne's EDITE doctoral school. | Verified email at eurecom.fr | Information Theory | Channel Coding Theory | Neural Networks, /citations?view_op=view_org&hl=en&oe=ASCII&org=7868974552293588111 | /citations?view_op=search_authors&hl=en&oe=ASCII&mauthors=label:information_theory | /citations?view_op=search_authors&hl=en&oe=ASCII&mauthors=label:channel_coding_theory | /citations?view_op=search_authors&hl=en&oe=ASCII&mauthors=label:neural_networks
wk5Hb14AAAAJ, 1, 1, 1, 1, 0, 0, , , Unknown affiliation | Verified email at eurecom.fr, 